date,tweet_count
2007-07-04,1
2007-07-05,0
2007-07-06,0
2007-07-07,0
2007-07-08,0
2007-07-09,0
2007-07-10,0
2007-07-11,0
2007-07-12,0
2007-07-13,0
2007-07-14,0
2007-07-15,0
2007-07-16,0
2007-07-17,0
2007-07-18,0
2007-07-19,0
2007-07-20,0
2007-07-21,0
2007-07-22,1
2007-07-23,0
2007-07-24,0
2007-07-25,0
2007-07-26,0
2007-07-27,0
2007-07-28,0
2007-07-29,0
2007-07-30,0
2007-07-31,0
2007-08-01,0
2007-08-02,0
2007-08-03,0
2007-08-04,0
2007-08-05,0
2007-08-06,0
2007-08-07,0
2007-08-08,0
2007-08-09,0
2007-08-10,0
2007-08-11,0
2007-08-12,0
2007-08-13,0
2007-08-14,0
2007-08-15,0
2007-08-16,0
2007-08-17,0
2007-08-18,0
2007-08-19,0
2007-08-20,0
2007-08-21,0
2007-08-22,0
2007-08-23,0
2007-08-24,1
2007-08-25,0
2007-08-26,0
2007-08-27,0
2007-08-28,0
2007-08-29,0
2007-08-30,0
2007-08-31,0
2007-09-01,0
2007-09-02,0
2007-09-03,0
2007-09-04,0
2007-09-05,0
2007-09-06,0
2007-09-07,0
2007-09-08,0
2007-09-09,0
2007-09-10,0
2007-09-11,0
2007-09-12,0
2007-09-13,0
2007-09-14,0
2007-09-15,0
2007-09-16,0
2007-09-17,0
2007-09-18,0
2007-09-19,0
2007-09-20,1
2007-09-21,0
2007-09-22,0
2007-09-23,0
2007-09-24,0
2007-09-25,0
2007-09-26,0
2007-09-27,0
2007-09-28,0
2007-09-29,0
2007-09-30,0
2007-10-01,0
2007-10-02,0
2007-10-03,0
2007-10-04,0
2007-10-05,0
2007-10-06,0
2007-10-07,0
2007-10-08,0
2007-10-09,0
2007-10-10,0
2007-10-11,0
2007-10-12,0
2007-10-13,0
2007-10-14,0
2007-10-15,0
2007-10-16,0
2007-10-17,0
2007-10-18,0
2007-10-19,0
2007-10-20,0
2007-10-21,0
2007-10-22,0
2007-10-23,0
2007-10-24,0
2007-10-25,0
2007-10-26,0
2007-10-27,0
2007-10-28,0
2007-10-29,0
2007-10-30,0
2007-10-31,0
2007-11-01,0
2007-11-02,0
2007-11-03,0
2007-11-04,2
2007-11-05,0
2007-11-06,0
2007-11-07,0
2007-11-08,0
2007-11-09,0
2007-11-10,0
2007-11-11,0
2007-11-12,0
2007-11-13,0
2007-11-14,0
2007-11-15,0
2007-11-16,0
2007-11-17,0
2007-11-18,0
2007-11-19,0
2007-11-20,0
2007-11-21,0
2007-11-22,0
2007-11-23,0
2007-11-24,0
2007-11-25,0
2007-11-26,0
2007-11-27,0
2007-11-28,0
2007-11-29,0
2007-11-30,0
2007-12-01,0
2007-12-02,0
2007-12-03,0
2007-12-04,0
2007-12-05,0
2007-12-06,0
2007-12-07,0
2007-12-08,0
2007-12-09,0
2007-12-10,0
2007-12-11,0
2007-12-12,0
2007-12-13,0
2007-12-14,0
2007-12-15,0
2007-12-16,0
2007-12-17,1
2007-12-18,0
2007-12-19,0
2007-12-20,0
2007-12-21,0
2007-12-22,0
2007-12-23,0
2007-12-24,0
2007-12-25,0
2007-12-26,0
2007-12-27,0
2007-12-28,0
2007-12-29,1
2007-12-30,0
2007-12-31,0
2008-01-01,0
2008-01-02,0
2008-01-03,0
2008-01-04,0
2008-01-05,0
2008-01-06,0
2008-01-07,0
2008-01-08,0
2008-01-09,1
2008-01-10,0
2008-01-11,0
2008-01-12,0
2008-01-13,0
2008-01-14,0
2008-01-15,0
2008-01-16,0
2008-01-17,1
2008-01-18,0
2008-01-19,1
2008-01-20,0
2008-01-21,0
2008-01-22,0
2008-01-23,0
2008-01-24,0
2008-01-25,0
2008-01-26,0
2008-01-27,0
2008-01-28,0
2008-01-29,0
2008-01-30,0
2008-01-31,0
2008-02-01,0
2008-02-02,1
2008-02-03,0
2008-02-04,1
2008-02-05,0
2008-02-06,0
2008-02-07,0
2008-02-08,0
2008-02-09,0
2008-02-10,0
2008-02-11,0
2008-02-12,0
2008-02-13,0
2008-02-14,0
2008-02-15,1
2008-02-16,0
2008-02-17,0
2008-02-18,0
2008-02-19,0
2008-02-20,0
2008-02-21,0
2008-02-22,0
2008-02-23,0
2008-02-24,0
2008-02-25,0
2008-02-26,1
2008-02-27,0
2008-02-28,0
2008-02-29,0
2008-03-01,0
2008-03-02,0
2008-03-03,0
2008-03-04,1
2008-03-05,3
2008-03-06,0
2008-03-07,0
2008-03-08,0
2008-03-09,0
2008-03-10,0
2008-03-11,0
2008-03-12,0
2008-03-13,0
2008-03-14,0
2008-03-15,0
2008-03-16,0
2008-03-17,0
2008-03-18,1
2008-03-19,0
2008-03-20,0
2008-03-21,0
2008-03-22,0
2008-03-23,0
2008-03-24,0
2008-03-25,1
2008-03-26,0
2008-03-27,2
2008-03-28,1
2008-03-29,0
2008-03-30,1
2008-03-31,0
2008-04-01,0
2008-04-02,0
2008-04-03,0
2008-04-04,0
2008-04-05,0
2008-04-06,0
2008-04-07,0
2008-04-08,1
2008-04-09,0
2008-04-10,1
2008-04-11,0
2008-04-12,0
2008-04-13,0
2008-04-14,0
2008-04-15,0
2008-04-16,0
2008-04-17,0
2008-04-18,0
2008-04-19,0
2008-04-20,0
2008-04-21,0
2008-04-22,0
2008-04-23,0
2008-04-24,0
2008-04-25,0
2008-04-26,0
2008-04-27,0
2008-04-28,0
2008-04-29,0
2008-04-30,1
2008-05-01,1
2008-05-02,1
2008-05-03,0
2008-05-04,0
2008-05-05,0
2008-05-06,0
2008-05-07,0
2008-05-08,0
2008-05-09,0
2008-05-10,0
2008-05-11,1
2008-05-12,0
2008-05-13,0
2008-05-14,0
2008-05-15,0
2008-05-16,0
2008-05-17,0
2008-05-18,0
2008-05-19,0
2008-05-20,0
2008-05-21,0
2008-05-22,0
2008-05-23,0
2008-05-24,0
2008-05-25,0
2008-05-26,0
2008-05-27,0
2008-05-28,0
2008-05-29,0
2008-05-30,0
2008-05-31,0
2008-06-01,0
2008-06-02,0
2008-06-03,1
2008-06-04,1
2008-06-05,1
2008-06-06,0
2008-06-07,0
2008-06-08,0
2008-06-09,0
2008-06-10,0
2008-06-11,0
2008-06-12,0
2008-06-13,0
2008-06-14,0
2008-06-15,0
2008-06-16,0
2008-06-17,0
2008-06-18,0
2008-06-19,0
2008-06-20,0
2008-06-21,0
2008-06-22,0
2008-06-23,0
2008-06-24,0
2008-06-25,1
2008-06-26,0
2008-06-27,0
2008-06-28,1
2008-06-29,0
2008-06-30,0
2008-07-01,1
2008-07-02,0
2008-07-03,0
2008-07-04,0
2008-07-05,0
2008-07-06,0
2008-07-07,0
2008-07-08,0
2008-07-09,0
2008-07-10,0
2008-07-11,0
2008-07-12,0
2008-07-13,0
2008-07-14,0
2008-07-15,0
2008-07-16,1
2008-07-17,0
2008-07-18,0
2008-07-19,1
2008-07-20,1
2008-07-21,1
2008-07-22,1
2008-07-23,2
2008-07-24,1
2008-07-25,0
2008-07-26,0
2008-07-27,1
2008-07-28,1
2008-07-29,1
2008-07-30,2
2008-07-31,1
2008-08-01,1
2008-08-02,0
2008-08-03,0
2008-08-04,0
2008-08-05,0
2008-08-06,0
2008-08-07,3
2008-08-08,0
2008-08-09,1
2008-08-10,0
2008-08-11,0
2008-08-12,0
2008-08-13,0
2008-08-14,0
2008-08-15,0
2008-08-16,0
2008-08-17,0
2008-08-18,2
2008-08-19,1
2008-08-20,0
2008-08-21,0
2008-08-22,1
2008-08-23,0
2008-08-24,1
2008-08-25,2
2008-08-26,1
2008-08-27,0
2008-08-28,0
2008-08-29,0
2008-08-30,0
2008-08-31,0
2008-09-01,0
2008-09-02,0
2008-09-03,0
2008-09-04,0
2008-09-05,2
2008-09-06,0
2008-09-07,0
2008-09-08,2
2008-09-09,1
2008-09-10,0
2008-09-11,0
2008-09-12,0
2008-09-13,0
2008-09-14,1
2008-09-15,1
2008-09-16,0
2008-09-17,0
2008-09-18,0
2008-09-19,0
2008-09-20,0
2008-09-21,0
2008-09-22,0
2008-09-23,1
2008-09-24,0
2008-09-25,0
2008-09-26,0
2008-09-27,1
2008-09-28,1
2008-09-29,0
2008-09-30,0
2008-10-01,0
2008-10-02,3
2008-10-03,0
2008-10-04,2
2008-10-05,1
2008-10-06,0
2008-10-07,1
2008-10-08,2
2008-10-09,2
2008-10-10,0
2008-10-11,0
2008-10-12,0
2008-10-13,0
2008-10-14,0
2008-10-15,0
2008-10-16,1
2008-10-17,0
2008-10-18,1
2008-10-19,0
2008-10-20,0
2008-10-21,2
2008-10-22,0
2008-10-23,0
2008-10-24,0
2008-10-25,0
2008-10-26,0
2008-10-27,1
2008-10-28,0
2008-10-29,1
2008-10-30,1
2008-10-31,0
2008-11-01,1
2008-11-02,0
2008-11-03,0
2008-11-04,0
2008-11-05,2
2008-11-06,1
2008-11-07,0
2008-11-08,0
2008-11-09,0
2008-11-10,0
2008-11-11,2
2008-11-12,0
2008-11-13,0
2008-11-14,3
2008-11-15,2
2008-11-16,2
2008-11-17,0
2008-11-18,1
2008-11-19,1
2008-11-20,2
2008-11-21,2
2008-11-22,0
2008-11-23,2
2008-11-24,0
2008-11-25,0
2008-11-26,2
2008-11-27,3
2008-11-28,0
2008-11-29,1
2008-11-30,0
2008-12-01,0
2008-12-02,1
2008-12-03,0
2008-12-04,0
2008-12-05,1
2008-12-06,1
2008-12-07,0
2008-12-08,0
2008-12-09,1
2008-12-10,0
2008-12-11,0
2008-12-12,0
2008-12-13,0
2008-12-14,0
2008-12-15,0
2008-12-16,1
2008-12-17,0
2008-12-18,2
2008-12-19,0
2008-12-20,1
2008-12-21,1
2008-12-22,0
2008-12-23,0
2008-12-24,0
2008-12-25,0
2008-12-26,1
2008-12-27,1
2008-12-28,1
2008-12-29,0
2008-12-30,0
2008-12-31,0
2009-01-01,1
2009-01-02,0
2009-01-03,3
2009-01-04,1
2009-01-05,3
2009-01-06,4
2009-01-07,2
2009-01-08,1
2009-01-09,5
2009-01-10,0
2009-01-11,0
2009-01-12,0
2009-01-13,1
2009-01-14,0
2009-01-15,1
2009-01-16,1
2009-01-17,0
2009-01-18,2
2009-01-19,0
2009-01-20,3
2009-01-21,1
2009-01-22,1
2009-01-23,0
2009-01-24,1
2009-01-25,0
2009-01-26,5
2009-01-27,2
2009-01-28,3
2009-01-29,2
2009-01-30,2
2009-01-31,0
2009-02-01,0
2009-02-02,2
2009-02-03,2
2009-02-04,8
2009-02-05,4
2009-02-06,2
2009-02-07,1
2009-02-08,1
2009-02-09,4
2009-02-10,2
2009-02-11,3
2009-02-12,1
2009-02-13,3
2009-02-14,3
2009-02-15,1
2009-02-16,3
2009-02-17,0
2009-02-18,4
2009-02-19,0
2009-02-20,2
2009-02-21,4
2009-02-22,1
2009-02-23,0
2009-02-24,5
2009-02-25,4
2009-02-26,0
2009-02-27,4
2009-02-28,2
2009-03-01,5
2009-03-02,5
2009-03-03,3
2009-03-04,3
2009-03-05,8
2009-03-06,4
2009-03-07,2
2009-03-08,1
2009-03-09,6
2009-03-10,3
2009-03-11,0
2009-03-12,4
2009-03-13,3
2009-03-14,5
2009-03-15,0
2009-03-16,8
2009-03-17,6
2009-03-18,5
2009-03-19,2
2009-03-20,7
2009-03-21,4
2009-03-22,5
2009-03-23,2
2009-03-24,4
2009-03-25,3
2009-03-26,4
2009-03-27,6
2009-03-28,3
2009-03-29,3
2009-03-30,1
2009-03-31,8
2009-04-01,9
2009-04-02,7
2009-04-03,3
2009-04-04,7
2009-04-05,12
2009-04-06,9
2009-04-07,4
2009-04-08,1
2009-04-09,4
2009-04-10,3
2009-04-11,0
2009-04-12,16
2009-04-13,14
2009-04-14,15
2009-04-15,12
2009-04-16,8
2009-04-17,4
2009-04-18,6
2009-04-19,14
2009-04-20,4
2009-04-21,7
2009-04-22,9
2009-04-23,3
2009-04-24,4
2009-04-25,6
2009-04-26,3
2009-04-27,13
2009-04-28,8
2009-04-29,7
2009-04-30,4
2009-05-01,5
2009-05-02,4
2009-05-03,3
2009-05-04,8
2009-05-05,22
2009-05-06,5
2009-05-07,2
2009-05-08,7
2009-05-09,7
2009-05-10,9
2009-05-11,14
2009-05-12,4
2009-05-13,16
2009-05-14,7
2009-05-15,4
2009-05-16,8
2009-05-17,9
2009-05-18,7
2009-05-19,18
2009-05-20,13
2009-05-21,8
2009-05-22,5
2009-05-23,8
2009-05-24,4
2009-05-25,4
2009-05-26,13
2009-05-27,7
2009-05-28,8
2009-05-29,8
2009-05-30,4
2009-05-31,4
2009-06-01,10
2009-06-02,11
2009-06-03,7
2009-06-04,6
2009-06-05,17
2009-06-06,8
2009-06-07,24
2009-06-08,7
2009-06-09,14
2009-06-10,10
2009-06-11,18
2009-06-12,16
2009-06-13,8
2009-06-14,13
2009-06-15,7
2009-06-16,11
2009-06-17,6
2009-06-18,9
2009-06-19,9
2009-06-20,7
2009-06-21,20
2009-06-22,8
2009-06-23,6
2009-06-24,3
2009-06-25,10
2009-06-26,9
2009-06-27,7
2009-06-28,4
2009-06-29,10
2009-06-30,14
2009-07-01,10
2009-07-02,13
2009-07-03,7
2009-07-04,8
2009-07-05,16
2009-07-06,7
2009-07-07,12
2009-07-08,9
2009-07-09,9
2009-07-10,13
2009-07-11,4
2009-07-12,17
2009-07-13,17
2009-07-14,14
2009-07-15,17
2009-07-16,12
2009-07-17,13
2009-07-18,19
2009-07-19,3
2009-07-20,13
2009-07-21,20
2009-07-22,17
2009-07-23,17
2009-07-24,20
2009-07-25,10
2009-07-26,9
2009-07-27,16
2009-07-28,11
2009-07-29,16
2009-07-30,10
2009-07-31,25
2009-08-01,24
2009-08-02,84
2009-08-03,26
2009-08-04,12
2009-08-05,33
2009-08-06,15
2009-08-07,9
2009-08-08,6
2009-08-09,14
2009-08-10,21
2009-08-11,10
2009-08-12,16
2009-08-13,12
2009-08-14,16
2009-08-15,10
2009-08-16,9
2009-08-17,13
2009-08-18,29
2009-08-19,33
2009-08-20,12
2009-08-21,13
2009-08-22,8
2009-08-23,10
2009-08-24,7
2009-08-25,7
2009-08-26,13
2009-08-27,8
2009-08-28,14
2009-08-29,8
2009-08-30,13
2009-08-31,11
2009-09-01,12
2009-09-02,14
2009-09-03,5
2009-09-04,14
2009-09-05,15
2009-09-06,9
2009-09-07,13
2009-09-08,20
2009-09-09,19
2009-09-10,18
2009-09-11,18
2009-09-12,7
2009-09-13,22
2009-09-14,38
2009-09-15,12
2009-09-16,38
2009-09-17,19
2009-09-18,12
2009-09-19,32
2009-09-20,13
2009-09-21,16
2009-09-22,16
2009-09-23,33
2009-09-24,29
2009-09-25,12
2009-09-26,9
2009-09-27,24
2009-09-28,22
2009-09-29,31
2009-09-30,21
2009-10-01,21
2009-10-02,20
2009-10-03,6
2009-10-04,16
2009-10-05,17
2009-10-06,21
2009-10-07,16
2009-10-08,27
2009-10-09,24
2009-10-10,17
2009-10-11,28
2009-10-12,19
2009-10-13,13
2009-10-14,19
2009-10-15,18
2009-10-16,26
2009-10-17,19
2009-10-18,11
2009-10-19,19
2009-10-20,46
2009-10-21,20
2009-10-22,15
2009-10-23,25
2009-10-24,9
2009-10-25,25
2009-10-26,27
2009-10-27,17
2009-10-28,21
2009-10-29,18
2009-10-30,15
2009-10-31,13
2009-11-01,9
2009-11-02,11
2009-11-03,33
2009-11-04,22
2009-11-05,25
2009-11-06,21
2009-11-07,11
2009-11-08,16
2009-11-09,15
2009-11-10,18
2009-11-11,22
2009-11-12,37
2009-11-13,12
2009-11-14,15
2009-11-15,18
2009-11-16,23
2009-11-17,18
2009-11-18,24
2009-11-19,24
2009-11-20,18
2009-11-21,17
2009-11-22,22
2009-11-23,24
2009-11-24,21
2009-11-25,9
2009-11-26,11
2009-11-27,20
2009-11-28,29
2009-11-29,14
2009-11-30,14
2009-12-01,24
2009-12-02,20
2009-12-03,37
2009-12-04,15
2009-12-05,29
2009-12-06,23
2009-12-07,15
2009-12-08,32
2009-12-09,45
2009-12-10,39
2009-12-11,32
2009-12-12,18
2009-12-13,14
2009-12-14,19
2009-12-15,17
2009-12-16,31
2009-12-17,23
2009-12-18,14
2009-12-19,12
2009-12-20,25
2009-12-21,18
2009-12-22,15
2009-12-23,29
2009-12-24,14
2009-12-25,12
2009-12-26,12
2009-12-27,20
2009-12-28,16
2009-12-29,21
2009-12-30,9
2009-12-31,27
2010-01-01,12
2010-01-02,12
2010-01-03,20
2010-01-04,52
2010-01-05,49
2010-01-06,44
2010-01-07,35
2010-01-08,24
2010-01-09,17
2010-01-10,20
2010-01-11,26
2010-01-12,35
2010-01-13,24
2010-01-14,18
2010-01-15,16
2010-01-16,14
2010-01-17,24
2010-01-18,18
2010-01-19,27
2010-01-20,21
2010-01-21,35
2010-01-22,37
2010-01-23,26
2010-01-24,28
2010-01-25,18
2010-01-26,57
2010-01-27,25
2010-01-28,24
2010-01-29,60
2010-01-30,17
2010-01-31,22
2010-02-01,36
2010-02-02,39
2010-02-03,60
2010-02-04,32
2010-02-05,31
2010-02-06,33
2010-02-07,36
2010-02-08,35
2010-02-09,33
2010-02-10,51
2010-02-11,52
2010-02-12,32
2010-02-13,16
2010-02-14,26
2010-02-15,31
2010-02-16,32
2010-02-17,29
2010-02-18,55
2010-02-19,25
2010-02-20,51
2010-02-21,112
2010-02-22,45
2010-02-23,38
2010-02-24,124
2010-02-25,61
2010-02-26,55
2010-02-27,31
2010-02-28,29
2010-03-01,30
2010-03-02,136
2010-03-03,60
2010-03-04,38
2010-03-05,54
2010-03-06,16
2010-03-07,15
2010-03-08,30
2010-03-09,36
2010-03-10,22
2010-03-11,33
2010-03-12,35
2010-03-13,45
2010-03-14,12
2010-03-15,23
2010-03-16,16
2010-03-17,22
2010-03-18,22
2010-03-19,35
2010-03-20,29
2010-03-21,20
2010-03-22,66
2010-03-23,35
2010-03-24,42
2010-03-25,40
2010-03-26,72
2010-03-27,83
2010-03-28,38
2010-03-29,54
2010-03-30,48
2010-03-31,29
2010-04-01,53
2010-04-02,35
2010-04-03,37
2010-04-04,44
2010-04-05,33
2010-04-06,50
2010-04-07,41
2010-04-08,29
2010-04-09,27
2010-04-10,19
2010-04-11,30
2010-04-12,28
2010-04-13,72
2010-04-14,62
2010-04-15,31
2010-04-16,37
2010-04-17,41
2010-04-18,36
2010-04-19,22
2010-04-20,34
2010-04-21,67
2010-04-22,95
2010-04-23,24
2010-04-24,50
2010-04-25,17
2010-04-26,38
2010-04-27,101
2010-04-28,20
2010-04-29,32
2010-04-30,26
2010-05-01,24
2010-05-02,52
2010-05-03,32
2010-05-04,46
2010-05-05,45
2010-05-06,43
2010-05-07,30
2010-05-08,23
2010-05-09,15
2010-05-10,17
2010-05-11,19
2010-05-12,48
2010-05-13,53
2010-05-14,38
2010-05-15,20
2010-05-16,35
2010-05-17,108
2010-05-18,122
2010-05-19,161
2010-05-20,46
2010-05-21,45
2010-05-22,29
2010-05-23,23
2010-05-24,36
2010-05-25,28
2010-05-26,75
2010-05-27,35
2010-05-28,26
2010-05-29,19
2010-05-30,20
2010-05-31,8
2010-06-01,33
2010-06-02,22
2010-06-03,24
2010-06-04,29
2010-06-05,37
2010-06-06,22
2010-06-07,25
2010-06-08,50
2010-06-09,132
2010-06-10,46
2010-06-11,31
2010-06-12,17
2010-06-13,25
2010-06-14,40
2010-06-15,33
2010-06-16,68
2010-06-17,25
2010-06-18,17
2010-06-19,10
2010-06-20,34
2010-06-21,31
2010-06-22,24
2010-06-23,41
2010-06-24,39
2010-06-25,40
2010-06-26,32
2010-06-27,13
2010-06-28,12
2010-06-29,24
2010-06-30,459
2010-07-01,24
2010-07-02,37
2010-07-03,39
2010-07-04,26
2010-07-05,129
2010-07-06,54
2010-07-07,23
2010-07-08,29
2010-07-09,66
2010-07-10,32
2010-07-11,15
2010-07-12,26
2010-07-13,29
2010-07-14,143
2010-07-15,37
2010-07-16,44
2010-07-17,18
2010-07-18,45
2010-07-19,46
2010-07-20,31
2010-07-21,44
2010-07-22,32
2010-07-23,20
2010-07-24,50
2010-07-25,13
2010-07-26,19
2010-07-27,25
2010-07-28,41
2010-07-29,27
2010-07-30,35
2010-07-31,33
2010-08-01,49
2010-08-02,417
2010-08-03,218
2010-08-04,146
2010-08-05,198
2010-08-06,70
2010-08-07,24
2010-08-08,39
2010-08-09,28
2010-08-10,84
2010-08-11,103
2010-08-12,97
2010-08-13,48
2010-08-14,52
2010-08-15,36
2010-08-16,54
2010-08-17,70
2010-08-18,55
2010-08-19,124
2010-08-20,81
2010-08-21,73
2010-08-22,60
2010-08-23,43
2010-08-24,54
2010-08-25,36
2010-08-26,44
2010-08-27,61
2010-08-28,34
2010-08-29,52
2010-08-30,45
2010-08-31,46
2010-09-01,37
2010-09-02,44
2010-09-03,48
2010-09-04,38
2010-09-05,37
2010-09-06,35
2010-09-07,30
2010-09-08,57
2010-09-09,103
2010-09-10,251
2010-09-11,70
2010-09-12,33
2010-09-13,63
2010-09-14,50
2010-09-15,42
2010-09-16,31
2010-09-17,74
2010-09-18,18
2010-09-19,24
2010-09-20,29
2010-09-21,44
2010-09-22,57
2010-09-23,82
2010-09-24,49
2010-09-25,51
2010-09-26,42
2010-09-27,45
2010-09-28,57
2010-09-29,51
2010-09-30,53
2010-10-01,37
2010-10-02,60
2010-10-03,31
2010-10-04,198
2010-10-05,54
2010-10-06,33
2010-10-07,41
2010-10-08,43
2010-10-09,43
2010-10-10,42
2010-10-11,49
2010-10-12,174
2010-10-13,131
2010-10-14,40
2010-10-15,65
2010-10-16,49
2010-10-17,21
2010-10-18,76
2010-10-19,46
2010-10-20,41
2010-10-21,28
2010-10-22,37
2010-10-23,30
2010-10-24,34
2010-10-25,50
2010-10-26,43
2010-10-27,21
2010-10-28,32
2010-10-29,43
2010-10-30,29
2010-10-31,24
2010-11-01,236
2010-11-02,119
2010-11-03,53
2010-11-04,48
2010-11-05,50
2010-11-06,31
2010-11-07,26
2010-11-08,35
2010-11-09,55
2010-11-10,27
2010-11-11,46
2010-11-12,46
2010-11-13,22
2010-11-14,31
2010-11-15,46
2010-11-16,242
2010-11-17,240
2010-11-18,50
2010-11-19,35
2010-11-20,34
2010-11-21,42
2010-11-22,312
2010-11-23,63
2010-11-24,33
2010-11-25,41
2010-11-26,32
2010-11-27,45
2010-11-28,86
2010-11-29,59
2010-11-30,69
2010-12-01,67
2010-12-02,63
2010-12-03,42
2010-12-04,31
2010-12-05,39
2010-12-06,56
2010-12-07,34
2010-12-08,47
2010-12-09,29
2010-12-10,23
2010-12-11,57
2010-12-12,30
2010-12-13,45
2010-12-14,423
2010-12-15,64
2010-12-16,53
2010-12-17,35
2010-12-18,29
2010-12-19,17
2010-12-20,48
2010-12-21,30
2010-12-22,34
2010-12-23,25
2010-12-24,38
2010-12-25,16
2010-12-26,23
2010-12-27,31
2010-12-28,34
2010-12-29,27
2010-12-30,41
2010-12-31,39
2011-01-01,196
2011-01-02,73
2011-01-03,35
2011-01-04,83
2011-01-05,66
2011-01-06,34
2011-01-07,37
2011-01-08,39
2011-01-09,48
2011-01-10,83
2011-01-11,64
2011-01-12,43
2011-01-13,33
2011-01-14,51
2011-01-15,47
2011-01-16,31
2011-01-17,57
2011-01-18,40
2011-01-19,22
2011-01-20,39
2011-01-21,57
2011-01-22,26
2011-01-23,51
2011-01-24,27
2011-01-25,58
2011-01-26,41
2011-01-27,60
2011-01-28,72
2011-01-29,44
2011-01-30,25
2011-01-31,60
2011-02-01,542
2011-02-02,90
2011-02-03,104
2011-02-04,60
2011-02-05,34
2011-02-06,26
2011-02-07,33
2011-02-08,54
2011-02-09,48
2011-02-10,52
2011-02-11,54
2011-02-12,24
2011-02-13,60
2011-02-14,58
2011-02-15,73
2011-02-16,61
2011-02-17,70
2011-02-18,112
2011-02-19,36
2011-02-20,41
2011-02-21,48
2011-02-22,93
2011-02-23,43
2011-02-24,69
2011-02-25,51
2011-02-26,35
2011-02-27,36
2011-02-28,42
2011-03-01,58
2011-03-02,48
2011-03-03,62
2011-03-04,42
2011-03-05,52
2011-03-06,42
2011-03-07,54
2011-03-08,61
2011-03-09,54
2011-03-10,49
2011-03-11,44
2011-03-12,37
2011-03-13,47
2011-03-14,76
2011-03-15,39
2011-03-16,45
2011-03-17,30
2011-03-18,33
2011-03-19,32
2011-03-20,484
2011-03-21,85
2011-03-22,58
2011-03-23,33
2011-03-24,70
2011-03-25,59
2011-03-26,32
2011-03-27,42
2011-03-28,53
2011-03-29,79
2011-03-30,69
2011-03-31,134
2011-04-01,108
2011-04-02,37
2011-04-03,64
2011-04-04,52
2011-04-05,60
2011-04-06,55
2011-04-07,45
2011-04-08,66
2011-04-09,38
2011-04-10,23
2011-04-11,32
2011-04-12,44
2011-04-13,47
2011-04-14,47
2011-04-15,43
2011-04-16,38
2011-04-17,43
2011-04-18,36
2011-04-19,86
2011-04-20,131
2011-04-21,53
2011-04-22,43
2011-04-23,29
2011-04-24,43
2011-04-25,32
2011-04-26,61
2011-04-27,45
2011-04-28,34
2011-04-29,132
2011-04-30,56
2011-05-01,33
2011-05-02,53
2011-05-03,48
2011-05-04,60
2011-05-05,42
2011-05-06,46
2011-05-07,29
2011-05-08,32
2011-05-09,30
2011-05-10,40
2011-05-11,48
2011-05-12,34
2011-05-13,39
2011-05-14,34
2011-05-15,30
2011-05-16,45
2011-05-17,62
2011-05-18,45
2011-05-19,83
2011-05-20,79
2011-05-21,28
2011-05-22,56
2011-05-23,761
2011-05-24,70
2011-05-25,72
2011-05-26,42
2011-05-27,42
2011-05-28,39
2011-05-29,33
2011-05-30,42
2011-05-31,71
2011-06-01,54
2011-06-02,49
2011-06-03,74
2011-06-04,30
2011-06-05,51
2011-06-06,79
2011-06-07,44
2011-06-08,48
2011-06-09,45
2011-06-10,321
2011-06-11,99
2011-06-12,78
2011-06-13,63
2011-06-14,69
2011-06-15,34
2011-06-16,44
2011-06-17,43
2011-06-18,37
2011-06-19,41
2011-06-20,48
2011-06-21,57
2011-06-22,54
2011-06-23,100
2011-06-24,46
2011-06-25,75
2011-06-26,65
2011-06-27,42
2011-06-28,108
2011-06-29,139
2011-06-30,52
2011-07-01,64
2011-07-02,46
2011-07-03,54
2011-07-04,108
2011-07-05,99
2011-07-06,131
2011-07-07,82
2011-07-08,96
2011-07-09,42
2011-07-10,52
2011-07-11,37
2011-07-12,62
2011-07-13,108
2011-07-14,57
2011-07-15,46
2011-07-16,50
2011-07-17,52
2011-07-18,47
2011-07-19,85
2011-07-20,98
2011-07-21,81
2011-07-22,68
2011-07-23,47
2011-07-24,36
2011-07-25,464
2011-07-26,167
2011-07-27,87
2011-07-28,82
2011-07-29,51
2011-07-30,67
2011-07-31,37
2011-08-01,93
2011-08-02,1190
2011-08-03,254
2011-08-04,74
2011-08-05,201
2011-08-06,108
2011-08-07,74
2011-08-08,81
2011-08-09,107
2011-08-10,66
2011-08-11,80
2011-08-12,80
2011-08-13,49
2011-08-14,95
2011-08-15,75
2011-08-16,72
2011-08-17,66
2011-08-18,66
2011-08-19,67
2011-08-20,62
2011-08-21,71
2011-08-22,91
2011-08-23,72
2011-08-24,91
2011-08-25,57
2011-08-26,52
2011-08-27,57
2011-08-28,32
2011-08-29,76
2011-08-30,74
2011-08-31,58
2011-09-01,75
2011-09-02,61
2011-09-03,56
2011-09-04,32
2011-09-05,78
2011-09-06,39
2011-09-07,79
2011-09-08,44
2011-09-09,58
2011-09-10,54
2011-09-11,106
2011-09-12,93
2011-09-13,50
2011-09-14,73
2011-09-15,55
2011-09-16,90
2011-09-17,49
2011-09-18,42
2011-09-19,66
2011-09-20,184
2011-09-21,173
2011-09-22,302
2011-09-23,596
2011-09-24,141
2011-09-25,66
2011-09-26,80
2011-09-27,91
2011-09-28,71
2011-09-29,95
2011-09-30,72
2011-10-01,71
2011-10-02,549
2011-10-03,235
2011-10-04,110
2011-10-05,68
2011-10-06,115
2011-10-07,53
2011-10-08,51
2011-10-09,43
2011-10-10,117
2011-10-11,90
2011-10-12,52
2011-10-13,55
2011-10-14,117
2011-10-15,45
2011-10-16,421
2011-10-17,78
2011-10-18,91
2011-10-19,66
2011-10-20,107
2011-10-21,88
2011-10-22,50
2011-10-23,63
2011-10-24,77
2011-10-25,192
2011-10-26,93
2011-10-27,139
2011-10-28,112
2011-10-29,142
2011-10-30,162
2011-10-31,211
2011-11-01,178
2011-11-02,251
2011-11-03,165
2011-11-04,190
2011-11-05,183
2011-11-06,338
2011-11-07,163
2011-11-08,157
2011-11-09,162
2011-11-10,194
2011-11-11,181
2011-11-12,287
2011-11-13,166
2011-11-14,165
2011-11-15,220
2011-11-16,125
2011-11-17,153
2011-11-18,124
2011-11-19,90
2011-11-20,86
2011-11-21,110
2011-11-22,128
2011-11-23,87
2011-11-24,48
2011-11-25,59
2011-11-26,51
2011-11-27,47
2011-11-28,50
2011-11-29,71
2011-11-30,90
2011-12-01,108
2011-12-02,102
2011-12-03,69
2011-12-04,116
2011-12-05,103
2011-12-06,84
2011-12-07,1073
2011-12-08,117
2011-12-09,79
2011-12-10,84
2011-12-11,86
2011-12-12,145
2011-12-13,78
2011-12-14,114
2011-12-15,62
2011-12-16,49
2011-12-17,55
2011-12-18,51
2011-12-19,111
2011-12-20,83
2011-12-21,84
2011-12-22,85
2011-12-23,54
2011-12-24,55
2011-12-25,62
2011-12-26,77
2011-12-27,146
2011-12-28,130
2011-12-29,108
2011-12-30,109
2011-12-31,57
2012-01-01,46
2012-01-02,100
2012-01-03,77
2012-01-04,189
2012-01-05,85
2012-01-06,145
2012-01-07,88
2012-01-08,65
2012-01-09,122
2012-01-10,96
2012-01-11,67
2012-01-12,66
2012-01-13,68
2012-01-14,62
2012-01-15,57
2012-01-16,409
2012-01-17,105
2012-01-18,90
2012-01-19,106
2012-01-20,92
2012-01-21,77
2012-01-22,64
2012-01-23,123
2012-01-24,71
2012-01-25,81
2012-01-26,104
2012-01-27,91
2012-01-28,76
2012-01-29,55
2012-01-30,95
2012-01-31,111
2012-02-01,117
2012-02-02,240
2012-02-03,101
2012-02-04,76
2012-02-05,91
2012-02-06,90
2012-02-07,120
2012-02-08,99
2012-02-09,305
2012-02-10,114
2012-02-11,84
2012-02-12,82
2012-02-13,100
2012-02-14,86
2012-02-15,87
2012-02-16,104
2012-02-17,147
2012-02-18,76
2012-02-19,69
2012-02-20,77
2012-02-21,71
2012-02-22,110
2012-02-23,107
2012-02-24,147
2012-02-25,134
2012-02-26,99
2012-02-27,94
2012-02-28,104
2012-02-29,75
2012-03-01,131
2012-03-02,91
2012-03-03,53
2012-03-04,68
2012-03-05,96
2012-03-06,61
2012-03-07,84
2012-03-08,97
2012-03-09,87
2012-03-10,71
2012-03-11,76
2012-03-12,84
2012-03-13,140
2012-03-14,117
2012-03-15,73
2012-03-16,74
2012-03-17,91
2012-03-18,100
2012-03-19,105
2012-03-20,70
2012-03-21,67
2012-03-22,123
2012-03-23,184
2012-03-24,136
2012-03-25,158
2012-03-26,127
2012-03-27,116
2012-03-28,155
2012-03-29,88
2012-03-30,65
2012-03-31,54
2012-04-01,61
2012-04-02,139
2012-04-03,154
2012-04-04,201
2012-04-05,149
2012-04-06,63
2012-04-07,51
2012-04-08,84
2012-04-09,179
2012-04-10,142
2012-04-11,141
2012-04-12,83
2012-04-13,87
2012-04-14,93
2012-04-15,71
2012-04-16,72
2012-04-17,199
2012-04-18,73
2012-04-19,93
2012-04-20,126
2012-04-21,53
2012-04-22,72
2012-04-23,101
2012-04-24,78
2012-04-25,113
2012-04-26,102
2012-04-27,94
2012-04-28,61
2012-04-29,67
2012-04-30,81
2012-05-01,69
2012-05-02,76
2012-05-03,94
2012-05-04,69
2012-05-05,160
2012-05-06,75
2012-05-07,81
2012-05-08,79
2012-05-09,116
2012-05-10,73
2012-05-11,117
2012-05-12,74
2012-05-13,49
2012-05-14,287
2012-05-15,131
2012-05-16,98
2012-05-17,208
2012-05-18,187
2012-05-19,71
2012-05-20,108
2012-05-21,197
2012-05-22,197
2012-05-23,135
2012-05-24,89
2012-05-25,117
2012-05-26,70
2012-05-27,62
2012-05-28,155
2012-05-29,100
2012-05-30,72
2012-05-31,84
2012-06-01,60
2012-06-02,914
2012-06-03,211
2012-06-04,149
2012-06-05,135
2012-06-06,78
2012-06-07,91
2012-06-08,127
2012-06-09,87
2012-06-10,103
2012-06-11,89
2012-06-12,115
2012-06-13,95
2012-06-14,108
2012-06-15,85
2012-06-16,79
2012-06-17,124
2012-06-18,122
2012-06-19,112
2012-06-20,92
2012-06-21,56
2012-06-22,77
2012-06-23,58
2012-06-24,57
2012-06-25,203
2012-06-26,143
2012-06-27,98
2012-06-28,91
2012-06-29,99
2012-06-30,75
2012-07-01,112
2012-07-02,116
2012-07-03,63
2012-07-04,217
2012-07-05,89
2012-07-06,75
2012-07-07,76
2012-07-08,76
2012-07-09,126
2012-07-10,143
2012-07-11,138
2012-07-12,80
2012-07-13,110
2012-07-14,114
2012-07-15,54
2012-07-16,95
2012-07-17,103
2012-07-18,111
2012-07-19,78
2012-07-20,79
2012-07-21,58
2012-07-22,63
2012-07-23,100
2012-07-24,77
2012-07-25,77
2012-07-26,76
2012-07-27,92
2012-07-28,55
2012-07-29,92
2012-07-30,101
2012-07-31,72
2012-08-01,100
2012-08-02,1643
2012-08-03,320
2012-08-04,110
2012-08-05,110
2012-08-06,145
2012-08-07,158
2012-08-08,103
2012-08-09,121
2012-08-10,151
2012-08-11,67
2012-08-12,109
2012-08-13,93
2012-08-14,425
2012-08-15,274
2012-08-16,118
2012-08-17,86
2012-08-18,81
2012-08-19,73
2012-08-20,118
2012-08-21,78
2012-08-22,102
2012-08-23,82
2012-08-24,97
2012-08-25,61
2012-08-26,81
2012-08-27,103
2012-08-28,81
2012-08-29,90
2012-08-30,107
2012-08-31,72
2012-09-01,76
2012-09-02,100
2012-09-03,112
2012-09-04,76
2012-09-05,100
2012-09-06,82
2012-09-07,102
2012-09-08,86
2012-09-09,46
2012-09-10,158
2012-09-11,97
2012-09-12,87
2012-09-13,79
2012-09-14,67
2012-09-15,178
2012-09-16,97
2012-09-17,104
2012-09-18,97
2012-09-19,128
2012-09-20,101
2012-09-21,92
2012-09-22,101
2012-09-23,78
2012-09-24,123
2012-09-25,189
2012-09-26,120
2012-09-27,536
2012-09-28,142
2012-09-29,95
2012-09-30,67
2012-10-01,103
2012-10-02,112
2012-10-03,119
2012-10-04,107
2012-10-05,66
2012-10-06,98
2012-10-07,70
2012-10-08,136
2012-10-09,106
2012-10-10,97
2012-10-11,74
2012-10-12,139
2012-10-13,79
2012-10-14,64
2012-10-15,256
2012-10-16,134
2012-10-17,94
2012-10-18,73
2012-10-19,98
2012-10-20,59
2012-10-21,91
2012-10-22,80
2012-10-23,61
2012-10-24,102
2012-10-25,68
2012-10-26,55
2012-10-27,54
2012-10-28,89
2012-10-29,70
2012-10-30,106
2012-10-31,77
2012-11-01,65
2012-11-02,99
2012-11-03,85
2012-11-04,109
2012-11-05,975
2012-11-06,161
2012-11-07,121
2012-11-08,96
2012-11-09,87
2012-11-10,72
2012-11-11,68
2012-11-12,170
2012-11-13,126
2012-11-14,896
2012-11-15,341
2012-11-16,133
2012-11-17,58
2012-11-18,89
2012-11-19,124
2012-11-20,101
2012-11-21,84
2012-11-22,72
2012-11-23,64
2012-11-24,83
2012-11-25,63
2012-11-26,81
2012-11-27,64
2012-11-28,105
2012-11-29,81
2012-11-30,134
2012-12-01,151
2012-12-02,120
2012-12-03,171
2012-12-04,167
2012-12-05,1367
2012-12-06,224
2012-12-07,95
2012-12-08,124
2012-12-09,166
2012-12-10,95
2012-12-11,127
2012-12-12,83
2012-12-13,76
2012-12-14,79
2012-12-15,48
2012-12-16,86
2012-12-17,100
2012-12-18,99
2012-12-19,88
2012-12-20,69
2012-12-21,89
2012-12-22,41
2012-12-23,80
2012-12-24,51
2012-12-25,62
2012-12-26,74
2012-12-27,92
2012-12-28,79
2012-12-29,75
2012-12-30,83
2012-12-31,142
2013-01-01,372
2013-01-02,266
2013-01-03,112
2013-01-04,331
2013-01-05,91
2013-01-06,69
2013-01-07,118
2013-01-08,110
2013-01-09,62
2013-01-10,354
2013-01-11,124
2013-01-12,1300
2013-01-13,139
2013-01-14,109
2013-01-15,106
2013-01-16,82
2013-01-17,68
2013-01-18,61
2013-01-19,77
2013-01-20,263
2013-01-21,186
2013-01-22,93
2013-01-23,70
2013-01-24,142
2013-01-25,126
2013-01-26,90
2013-01-27,113
2013-01-28,202
2013-01-29,145
2013-01-30,599
2013-01-31,144
2013-02-01,185
2013-02-02,137
2013-02-03,83
2013-02-04,154
2013-02-05,167
2013-02-06,142
2013-02-07,108
2013-02-08,165
2013-02-09,80
2013-02-10,77
2013-02-11,94
2013-02-12,112
2013-02-13,253
2013-02-14,270
2013-02-15,122
2013-02-16,104
2013-02-17,106
2013-02-18,167
2013-02-19,130
2013-02-20,188
2013-02-21,165
2013-02-22,107
2013-02-23,106
2013-02-24,113
2013-02-25,224
2013-02-26,1194
2013-02-27,173
2013-02-28,144
2013-03-01,183
2013-03-02,180
2013-03-03,116
2013-03-04,112
2013-03-05,103
2013-03-06,124
2013-03-07,115
2013-03-08,132
2013-03-09,103
2013-03-10,116
2013-03-11,125
2013-03-12,142
2013-03-13,108
2013-03-14,172
2013-03-15,141
2013-03-16,91
2013-03-17,78
2013-03-18,117
2013-03-19,88
2013-03-20,148
2013-03-21,98
2013-03-22,105
2013-03-23,71
2013-03-24,98
2013-03-25,130
2013-03-26,265
2013-03-27,102
2013-03-28,108
2013-03-29,94
2013-03-30,74
2013-03-31,72
2013-04-01,74
2013-04-02,148
2013-04-03,103
2013-04-04,102
2013-04-05,114
2013-04-06,158
2013-04-07,100
2013-04-08,99
2013-04-09,79
2013-04-10,84
2013-04-11,89
2013-04-12,134
2013-04-13,126
2013-04-14,147
2013-04-15,84
2013-04-16,98
2013-04-17,119
2013-04-18,99
2013-04-19,63
2013-04-20,129
2013-04-21,532
2013-04-22,121
2013-04-23,109
2013-04-24,97
2013-04-25,81
2013-04-26,143
2013-04-27,65
2013-04-28,131
2013-04-29,160
2013-04-30,80
2013-05-01,90
2013-05-02,100
2013-05-03,176
2013-05-04,67
2013-05-05,63
2013-05-06,84
2013-05-07,161
2013-05-08,201
2013-05-09,83
2013-05-10,92
2013-05-11,56
2013-05-12,265
2013-05-13,125
2013-05-14,91
2013-05-15,142
2013-05-16,123
2013-05-17,99
2013-05-18,92
2013-05-19,116
2013-05-20,113
2013-05-21,191
2013-05-22,93
2013-05-23,77
2013-05-24,126
2013-05-25,936
2013-05-26,212
2013-05-27,134
2013-05-28,100
2013-05-29,55
2013-05-30,101
2013-05-31,110
2013-06-01,69
2013-06-02,67
2013-06-03,122
2013-06-04,118
2013-06-05,146
2013-06-06,109
2013-06-07,141
2013-06-08,119
2013-06-09,135
2013-06-10,87
2013-06-11,98
2013-06-12,103
2013-06-13,82
2013-06-14,67
2013-06-15,502
2013-06-16,273
2013-06-17,129
2013-06-18,133
2013-06-19,168
2013-06-20,119
2013-06-21,80
2013-06-22,94
2013-06-23,79
2013-06-24,120
2013-06-25,87
2013-06-26,155
2013-06-27,108
2013-06-28,132
2013-06-29,279
2013-06-30,93
2013-07-01,195
2013-07-02,104
2013-07-03,105
2013-07-04,100
2013-07-05,268
2013-07-06,97
2013-07-07,141
2013-07-08,272
2013-07-09,131
2013-07-10,109
2013-07-11,278
2013-07-12,223
2013-07-13,252
2013-07-14,1521
2013-07-15,503
2013-07-16,331
2013-07-17,201
2013-07-18,160
2013-07-19,123
2013-07-20,108
2013-07-21,119
2013-07-22,777
2013-07-23,1028
2013-07-24,153
2013-07-25,182
2013-07-26,132
2013-07-27,110
2013-07-28,171
2013-07-29,120
2013-07-30,129
2013-07-31,169
2013-08-01,206
2013-08-02,2185
2013-08-03,1185
2013-08-04,312
2013-08-05,260
2013-08-06,127
2013-08-07,134
2013-08-08,156
2013-08-09,149
2013-08-10,148
2013-08-11,148
2013-08-12,182
2013-08-13,216
2013-08-14,107
2013-08-15,116
2013-08-16,133
2013-08-17,135
2013-08-18,207
2013-08-19,218
2013-08-20,159
2013-08-21,124
2013-08-22,125
2013-08-23,189
2013-08-24,255
2013-08-25,293
2013-08-26,136
2013-08-27,122
2013-08-28,324
2013-08-29,112
2013-08-30,100
2013-08-31,113
2013-09-01,127
2013-09-02,131
2013-09-03,125
2013-09-04,135
2013-09-05,123
2013-09-06,129
2013-09-07,128
2013-09-08,190
2013-09-09,117
2013-09-10,105
2013-09-11,174
2013-09-12,117
2013-09-13,112
2013-09-14,77
2013-09-15,95
2013-09-16,274
2013-09-17,189
2013-09-18,215
2013-09-19,116
2013-09-20,74
2013-09-21,129
2013-09-22,72
2013-09-23,124
2013-09-24,96
2013-09-25,205
2013-09-26,165
2013-09-27,184
2013-09-28,82
2013-09-29,114
2013-09-30,222
2013-10-01,301
2013-10-02,88
2013-10-03,77
2013-10-04,402
2013-10-05,80
2013-10-06,88
2013-10-07,117
2013-10-08,80
2013-10-09,107
2013-10-10,163
2013-10-11,133
2013-10-12,110
2013-10-13,101
2013-10-14,99
2013-10-15,100
2013-10-16,120
2013-10-17,151
2013-10-18,89
2013-10-19,67
2013-10-20,76
2013-10-21,135
2013-10-22,139
2013-10-23,251
2013-10-24,125
2013-10-25,99
2013-10-26,111
2013-10-27,103
2013-10-28,76
2013-10-29,111
2013-10-30,88
2013-10-31,105
2013-11-01,60
2013-11-02,218
2013-11-03,97
2013-11-04,114
2013-11-05,122
2013-11-06,135
2013-11-07,117
2013-11-08,444
2013-11-09,158
2013-11-10,86
2013-11-11,160
2013-11-12,153
2013-11-13,138
2013-11-14,145
2013-11-15,81
2013-11-16,90
2013-11-17,147
2013-11-18,150
2013-11-19,144
2013-11-20,255
2013-11-21,515
2013-11-22,451
2013-11-23,115
2013-11-24,129
2013-11-25,208
2013-11-26,90
2013-11-27,94
2013-11-28,259
2013-11-29,78
2013-11-30,123
2013-12-01,212
2013-12-02,152
2013-12-03,165
2013-12-04,133
2013-12-05,121
2013-12-06,82
2013-12-07,109
2013-12-08,93
2013-12-09,122
2013-12-10,81
2013-12-11,89
2013-12-12,163
2013-12-13,100
2013-12-14,101
2013-12-15,83
2013-12-16,88
2013-12-17,87
2013-12-18,103
2013-12-19,111
2013-12-20,137
2013-12-21,91
2013-12-22,74
2013-12-23,63
2013-12-24,104
2013-12-25,56
2013-12-26,94
2013-12-27,132
2013-12-28,149
2013-12-29,81
2013-12-30,125
2013-12-31,103
2014-01-01,144
2014-01-02,138
2014-01-03,107
2014-01-04,230
2014-01-05,132
2014-01-06,99
2014-01-07,124
2014-01-08,170
2014-01-09,127
2014-01-10,326
2014-01-11,496
2014-01-12,223
2014-01-13,149
2014-01-14,120
2014-01-15,257
2014-01-16,194
2014-01-17,243
2014-01-18,283
2014-01-19,435
2014-01-20,282
2014-01-21,210
2014-01-22,125
2014-01-23,169
2014-01-24,120
2014-01-25,208
2014-01-26,859
2014-01-27,244
2014-01-28,140
2014-01-29,92
2014-01-30,126
2014-01-31,135
2014-02-01,145
2014-02-02,177
2014-02-03,194
2014-02-04,166
2014-02-05,176
2014-02-06,166
2014-02-07,137
2014-02-08,150
2014-02-09,163
2014-02-10,244
2014-02-11,171
2014-02-12,195
2014-02-13,156
2014-02-14,327
2014-02-15,614
2014-02-16,437
2014-02-17,192
2014-02-18,203
2014-02-19,268
2014-02-20,155
2014-02-21,122
2014-02-22,132
2014-02-23,187
2014-02-24,179
2014-02-25,144
2014-02-26,224
2014-02-27,235
2014-02-28,165
2014-03-01,202
2014-03-02,212
2014-03-03,149
2014-03-04,131
2014-03-05,203
2014-03-06,159
2014-03-07,116
2014-03-08,198
2014-03-09,204
2014-03-10,104
2014-03-11,179
2014-03-12,154
2014-03-13,118
2014-03-14,167
2014-03-15,111
2014-03-16,100
2014-03-17,134
2014-03-18,168
2014-03-19,102
2014-03-20,172
2014-03-21,138
2014-03-22,82
2014-03-23,108
2014-03-24,110
2014-03-25,128
2014-03-26,146
2014-03-27,102
2014-03-28,82
2014-03-29,112
2014-03-30,89
2014-03-31,108
2014-04-01,189
2014-04-02,401
2014-04-03,458
2014-04-04,201
2014-04-05,158
2014-04-06,217
2014-04-07,187
2014-04-08,135
2014-04-09,248
2014-04-10,228
2014-04-11,145
2014-04-12,84
2014-04-13,99
2014-04-14,188
2014-04-15,156
2014-04-16,137
2014-04-17,116
2014-04-18,135
2014-04-19,172
2014-04-20,171
2014-04-21,174
2014-04-22,196
2014-04-23,236
2014-04-24,1267
2014-04-25,568
2014-04-26,215
2014-04-27,252
2014-04-28,214
2014-04-29,228
2014-04-30,146
2014-05-01,173
2014-05-02,145
2014-05-03,122
2014-05-04,169
2014-05-05,247
2014-05-06,140
2014-05-07,113
2014-05-08,242
2014-05-09,135
2014-05-10,88
2014-05-11,882
2014-05-12,107
2014-05-13,118
2014-05-14,182
2014-05-15,131
2014-05-16,119
2014-05-17,103
2014-05-18,76
2014-05-19,114
2014-05-20,131
2014-05-21,125
2014-05-22,196
2014-05-23,171
2014-05-24,140
2014-05-25,109
2014-05-26,112
2014-05-27,119
2014-05-28,495
2014-05-29,188
2014-05-30,131
2014-05-31,116
2014-06-01,320
2014-06-02,177
2014-06-03,208
2014-06-04,127
2014-06-05,153
2014-06-06,727
2014-06-07,173
2014-06-08,117
2014-06-09,136
2014-06-10,117
2014-06-11,96
2014-06-12,138
2014-06-13,125
2014-06-14,147
2014-06-15,149
2014-06-16,234
2014-06-17,91
2014-06-18,167
2014-06-19,132
2014-06-20,110
2014-06-21,107
2014-06-22,145
2014-06-23,103
2014-06-24,170
2014-06-25,165
2014-06-26,140
2014-06-27,179
2014-06-28,144
2014-06-29,186
2014-06-30,221
2014-07-01,199
2014-07-02,361
2014-07-03,218
2014-07-04,273
2014-07-05,196
2014-07-06,271
2014-07-07,211
2014-07-08,215
2014-07-09,257
2014-07-10,224
2014-07-11,199
2014-07-12,560
2014-07-13,357
2014-07-14,217
2014-07-15,236
2014-07-16,229
2014-07-17,166
2014-07-18,191
2014-07-19,332
2014-07-20,343
2014-07-21,529
2014-07-22,390
2014-07-23,349
2014-07-24,365
2014-07-25,269
2014-07-26,259
2014-07-27,249
2014-07-28,238
2014-07-29,190
2014-07-30,452
2014-07-31,350
2014-08-01,438
2014-08-02,3008
2014-08-03,900
2014-08-04,443
2014-08-05,241
2014-08-06,265
2014-08-07,259
2014-08-08,253
2014-08-09,141
2014-08-10,542
2014-08-11,288
2014-08-12,456
2014-08-13,343
2014-08-14,1239
2014-08-15,338
2014-08-16,208
2014-08-17,281
2014-08-18,848
2014-08-19,523
2014-08-20,1164
2014-08-21,494
2014-08-22,359
2014-08-23,442
2014-08-24,350
2014-08-25,617
2014-08-26,283
2014-08-27,226
2014-08-28,312
2014-08-29,269
2014-08-30,374
2014-08-31,179
2014-09-01,188
2014-09-02,164
2014-09-03,671
2014-09-04,466
2014-09-05,318
2014-09-06,170
2014-09-07,195
2014-09-08,227
2014-09-09,158
2014-09-10,139
2014-09-11,142
2014-09-12,152
2014-09-13,101
2014-09-14,118
2014-09-15,134
2014-09-16,95
2014-09-17,177
2014-09-18,123
2014-09-19,131
2014-09-20,118
2014-09-21,134
2014-09-22,153
2014-09-23,141
2014-09-24,144
2014-09-25,170
2014-09-26,101
2014-09-27,108
2014-09-28,177
2014-09-29,95
2014-09-30,546
2014-10-01,142
2014-10-02,133
2014-10-03,185
2014-10-04,91
2014-10-05,64
2014-10-06,119
2014-10-07,109
2014-10-08,159
2014-10-09,163
2014-10-10,183
2014-10-11,776
2014-10-12,287
2014-10-13,114
2014-10-14,151
2014-10-15,119
2014-10-16,102
2014-10-17,74
2014-10-18,121
2014-10-19,113
2014-10-20,100
2014-10-21,90
2014-10-22,222
2014-10-23,122
2014-10-24,124
2014-10-25,83
2014-10-26,204
2014-10-27,158
2014-10-28,140
2014-10-29,101
2014-10-30,107
2014-10-31,190
2014-11-01,128
2014-11-02,101
2014-11-03,106
2014-11-04,140
2014-11-05,203
2014-11-06,204
2014-11-07,145
2014-11-08,125
2014-11-09,83
2014-11-10,191
2014-11-11,178
2014-11-12,196
2014-11-13,123
2014-11-14,164
2014-11-15,103
2014-11-16,735
2014-11-17,220
2014-11-18,188
2014-11-19,118
2014-11-20,133
2014-11-21,103
2014-11-22,106
2014-11-23,144
2014-11-24,318
2014-11-25,4964
2014-11-26,742
2014-11-27,416
2014-11-28,287
2014-11-29,340
2014-11-30,215
2014-12-01,1145
2014-12-02,535
2014-12-03,836
2014-12-04,1748
2014-12-05,618
2014-12-06,452
2014-12-07,364
2014-12-08,221
2014-12-09,270
2014-12-10,210
2014-12-11,204
2014-12-12,202
2014-12-13,303
2014-12-14,398
2014-12-15,255
2014-12-16,237
2014-12-17,189
2014-12-18,152
2014-12-19,136
2014-12-20,145
2014-12-21,188
2014-12-22,186
2014-12-23,206
2014-12-24,392
2014-12-25,158
2014-12-26,186
2014-12-27,189
2014-12-28,651
2014-12-29,489
2014-12-30,168
2014-12-31,179
2015-01-01,242
2015-01-02,243
2015-01-03,147
2015-01-04,238
2015-01-05,557
2015-01-06,181
2015-01-07,224
2015-01-08,618
2015-01-09,238
2015-01-10,230
2015-01-11,206
2015-01-12,131
2015-01-13,155
2015-01-14,210
2015-01-15,165
2015-01-16,156
2015-01-17,226
2015-01-18,195
2015-01-19,267
2015-01-20,154
2015-01-21,304
2015-01-22,186
2015-01-23,242
2015-01-24,135
2015-01-25,308
2015-01-26,453
2015-01-27,237
2015-01-28,202
2015-01-29,257
2015-01-30,154
2015-01-31,267
2015-02-01,183
2015-02-02,243
2015-02-03,288
2015-02-04,264
2015-02-05,273
2015-02-06,320
2015-02-07,150
2015-02-08,212
2015-02-09,210
2015-02-10,281
2015-02-11,242
2015-02-12,224
2015-02-13,251
2015-02-14,158
2015-02-15,150
2015-02-16,249
2015-02-17,228
2015-02-18,204
2015-02-19,175
2015-02-20,440
2015-02-21,392
2015-02-22,285
2015-02-23,501
2015-02-24,603
2015-02-25,344
2015-02-26,451
2015-02-27,191
2015-02-28,188
2015-03-01,257
2015-03-02,193
2015-03-03,255
2015-03-04,191
2015-03-05,297
2015-03-06,254
2015-03-07,390
2015-03-08,244
2015-03-09,122
2015-03-10,171
2015-03-11,120
2015-03-12,146
2015-03-13,98
2015-03-14,100
2015-03-15,111
2015-03-16,170
2015-03-17,157
2015-03-18,228
2015-03-19,347
2015-03-20,251
2015-03-21,193
2015-03-22,332
2015-03-23,250
2015-03-24,254
2015-03-25,226
2015-03-26,472
2015-03-27,306
2015-03-28,212
2015-03-29,401
2015-03-30,213
2015-03-31,285
2015-04-01,211
2015-04-02,174
2015-04-03,159
2015-04-04,119
2015-04-05,275
2015-04-06,203
2015-04-07,361
2015-04-08,1117
2015-04-09,819
2015-04-10,521
2015-04-11,202
2015-04-12,396
2015-04-13,358
2015-04-14,221
2015-04-15,156
2015-04-16,216
2015-04-17,205
2015-04-18,131
2015-04-19,241
2015-04-20,206
2015-04-21,159
2015-04-22,301
2015-04-23,175
2015-04-24,174
2015-04-25,126
2015-04-26,258
2015-04-27,358
2015-04-28,1418
2015-04-29,626
2015-04-30,620
2015-05-01,368
2015-05-02,269
2015-05-03,123
2015-05-04,388
2015-05-05,197
2015-05-06,390
2015-05-07,263
2015-05-08,149
2015-05-09,107
2015-05-10,193
2015-05-11,155
2015-05-12,133
2015-05-13,229
2015-05-14,179
2015-05-15,140
2015-05-16,183
2015-05-17,244
2015-05-18,387
2015-05-19,343
2015-05-20,166
2015-05-21,152
2015-05-22,248
2015-05-23,132
2015-05-24,199
2015-05-25,298
2015-05-26,263
2015-05-27,241
2015-05-28,167
2015-05-29,221
2015-05-30,184
2015-05-31,94
2015-06-01,137
2015-06-02,221
2015-06-03,546
2015-06-04,231
2015-06-05,199
2015-06-06,137
2015-06-07,341
2015-06-08,284
2015-06-09,247
2015-06-10,291
2015-06-11,287
2015-06-12,272
2015-06-13,281
2015-06-14,112
2015-06-15,214
2015-06-16,141
2015-06-17,260
2015-06-18,924
2015-06-19,579
2015-06-20,457
2015-06-21,167
2015-06-22,179
2015-06-23,244
2015-06-24,427
2015-06-25,353
2015-06-26,1114
2015-06-27,296
2015-06-28,258
2015-06-29,205
2015-06-30,258
2015-07-01,251
2015-07-02,268
2015-07-03,148
2015-07-04,412
2015-07-05,266
2015-07-06,197
2015-07-07,267
2015-07-08,294
2015-07-09,277
2015-07-10,162
2015-07-11,145
2015-07-12,130
2015-07-13,170
2015-07-14,206
2015-07-15,246
2015-07-16,279
2015-07-17,331
2015-07-18,190
2015-07-19,222
2015-07-20,163
2015-07-21,187
2015-07-22,226
2015-07-23,718
2015-07-24,238
2015-07-25,291
2015-07-26,241
2015-07-27,155
2015-07-28,397
2015-07-29,249
2015-07-30,162
2015-07-31,149
2015-08-01,212
2015-08-02,4041
2015-08-03,4071
2015-08-04,831
2015-08-05,428
2015-08-06,424
2015-08-07,410
2015-08-08,247
2015-08-09,166
2015-08-10,228
2015-08-11,280
2015-08-12,299
2015-08-13,327
2015-08-14,224
2015-08-15,318
2015-08-16,913
2015-08-17,729
2015-08-18,540
2015-08-19,519
2015-08-20,371
2015-08-21,308
2015-08-22,178
2015-08-23,189
2015-08-24,147
2015-08-25,225
2015-08-26,198
2015-08-27,272
2015-08-28,185
2015-08-29,137
2015-08-30,128
2015-08-31,134
2015-09-01,279
2015-09-02,330
2015-09-03,165
2015-09-04,203
2015-09-05,180
2015-09-06,195
2015-09-07,158
2015-09-08,216
2015-09-09,198
2015-09-10,601
2015-09-11,343
2015-09-12,243
2015-09-13,229
2015-09-14,413
2015-09-15,152
2015-09-16,209
2015-09-17,165
2015-09-18,315
2015-09-19,198
2015-09-20,178
2015-09-21,208
2015-09-22,203
2015-09-23,242
2015-09-24,214
2015-09-25,237
2015-09-26,185
2015-09-27,207
2015-09-28,202
2015-09-29,158
2015-09-30,158
2015-10-01,138
2015-10-02,139
2015-10-03,122
2015-10-04,192
2015-10-05,178
2015-10-06,178
2015-10-07,196
2015-10-08,297
2015-10-09,138
2015-10-10,162
2015-10-11,108
2015-10-12,126
2015-10-13,109
2015-10-14,186
2015-10-15,162
2015-10-16,248
2015-10-17,136
2015-10-18,196
2015-10-19,287
2015-10-20,285
2015-10-21,572
2015-10-22,540
2015-10-23,335
2015-10-24,270
2015-10-25,233
2015-10-26,246
2015-10-27,291
2015-10-28,402
2015-10-29,420
2015-10-30,179
2015-10-31,241
2015-11-01,200
2015-11-02,221
2015-11-03,460
2015-11-04,358
2015-11-05,247
2015-11-06,185
2015-11-07,204
2015-11-08,226
2015-11-09,181
2015-11-10,288
2015-11-11,425
2015-11-12,261
2015-11-13,109
2015-11-14,120
2015-11-15,118
2015-11-16,133
2015-11-17,317
2015-11-18,237
2015-11-19,335
2015-11-20,310
2015-11-21,129
2015-11-22,239
2015-11-23,157
2015-11-24,176
2015-11-25,237
2015-11-26,210
2015-11-27,111
2015-11-28,203
2015-11-29,219
2015-11-30,394
2015-12-01,768
2015-12-02,592
2015-12-03,208
2015-12-04,262
2015-12-05,250
2015-12-06,107
2015-12-07,413
2015-12-08,264
2015-12-09,189
2015-12-10,143
2015-12-11,145
2015-12-12,137
2015-12-13,139
2015-12-14,209
2015-12-15,226
2015-12-16,223
2015-12-17,194
2015-12-18,224
2015-12-19,497
2015-12-20,344
2015-12-21,133
2015-12-22,223
2015-12-23,162
2015-12-24,111
2015-12-25,69
2015-12-26,101
2015-12-27,96
2015-12-28,710
2015-12-29,1005
2015-12-30,398
2015-12-31,209
2016-01-01,126
2016-01-02,125
2016-01-03,392
2016-01-04,283
2016-01-05,176
2016-01-06,328
2016-01-07,396
2016-01-08,232
2016-01-09,99
2016-01-10,133
2016-01-11,121
2016-01-12,128
2016-01-13,279
2016-01-14,177
2016-01-15,163
2016-01-16,175
2016-01-17,135
2016-01-18,994
2016-01-19,738
2016-01-20,326
2016-01-21,266
2016-01-22,379
2016-01-23,381
2016-01-24,157
2016-01-25,188
2016-01-26,147
2016-01-27,205
2016-01-28,154
2016-01-29,206
2016-01-30,243
2016-01-31,233
2016-02-01,234
2016-02-02,218
2016-02-03,355
2016-02-04,241
2016-02-05,711
2016-02-06,282
2016-02-07,273
2016-02-08,321
2016-02-09,350
2016-02-10,204
2016-02-11,262
2016-02-12,210
2016-02-13,148
2016-02-14,474
2016-02-15,401
2016-02-16,246
2016-02-17,382
2016-02-18,416
2016-02-19,203
2016-02-20,183
2016-02-21,245
2016-02-22,257
2016-02-23,297
2016-02-24,388
2016-02-25,853
2016-02-26,335
2016-02-27,208
2016-02-28,244
2016-02-29,234
2016-03-01,407
2016-03-02,241
2016-03-03,254
2016-03-04,226
2016-03-05,182
2016-03-06,232
2016-03-07,215
2016-03-08,181
2016-03-09,123
2016-03-10,106
2016-03-11,144
2016-03-12,182
2016-03-13,226
2016-03-14,233
2016-03-15,168
2016-03-16,245
2016-03-17,158
2016-03-18,236
2016-03-19,288
2016-03-20,268
2016-03-21,179
2016-03-22,309
2016-03-23,206
2016-03-24,293
2016-03-25,260
2016-03-26,224
2016-03-27,277
2016-03-28,180
2016-03-29,133
2016-03-30,191
2016-03-31,316
2016-04-01,250
2016-04-02,325
2016-04-03,233
2016-04-04,293
2016-04-05,232
2016-04-06,367
2016-04-07,253
2016-04-08,253
2016-04-09,264
2016-04-10,158
2016-04-11,249
2016-04-12,138
2016-04-13,773
2016-04-14,356
2016-04-15,243
2016-04-16,196
2016-04-17,280
2016-04-18,153
2016-04-19,119
2016-04-20,155
2016-04-21,117
2016-04-22,146
2016-04-23,407
2016-04-24,166
2016-04-25,154
2016-04-26,283
2016-04-27,342
2016-04-28,281
2016-04-29,208
2016-04-30,240
2016-05-01,221
2016-05-02,402
2016-05-03,369
2016-05-04,349
2016-05-05,396
2016-05-06,249
2016-05-07,498
2016-05-08,212
2016-05-09,334
2016-05-10,433
2016-05-11,294
2016-05-12,221
2016-05-13,140
2016-05-14,204
2016-05-15,267
2016-05-16,214
2016-05-17,202
2016-05-18,213
2016-05-19,207
2016-05-20,241
2016-05-21,214
2016-05-22,126
2016-05-23,152
2016-05-24,242
2016-05-25,207
2016-05-26,190
2016-05-27,169
2016-05-28,140
2016-05-29,181
2016-05-30,173
2016-05-31,190
2016-06-01,310
2016-06-02,252
2016-06-03,199
2016-06-04,86
2016-06-05,107
2016-06-06,91
2016-06-07,335
2016-06-08,276
2016-06-09,151
2016-06-10,280
2016-06-11,112
2016-06-12,254
2016-06-13,225
2016-06-14,182
2016-06-15,149
2016-06-16,154
2016-06-17,253
2016-06-18,202
2016-06-19,118
2016-06-20,651
2016-06-21,436
2016-06-22,576
2016-06-23,192
2016-06-24,129
2016-06-25,135
2016-06-26,102
2016-06-27,222
2016-06-28,190
2016-06-29,210
2016-06-30,141
2016-07-01,110
2016-07-02,207
2016-07-03,214
2016-07-04,367
2016-07-05,268
2016-07-06,1557
2016-07-07,1095
2016-07-08,951
2016-07-09,530
2016-07-10,780
2016-07-11,592
2016-07-12,606
2016-07-13,538
2016-07-14,630
2016-07-15,357
2016-07-16,215
2016-07-17,489
2016-07-18,487
2016-07-19,305
2016-07-20,186
2016-07-21,345
2016-07-22,421
2016-07-23,209
2016-07-24,274
2016-07-25,458
2016-07-26,269
2016-07-27,251
2016-07-28,266
2016-07-29,188
2016-07-30,236
2016-07-31,239
2016-08-01,205
2016-08-02,16824
2016-08-03,7624
2016-08-04,1136
2016-08-05,576
2016-08-06,417
2016-08-07,421
2016-08-08,447
2016-08-09,497
2016-08-10,606
2016-08-11,376
2016-08-12,248
2016-08-13,268
2016-08-14,492
2016-08-15,291
2016-08-16,320
2016-08-17,279
2016-08-18,213
2016-08-19,310
2016-08-20,264
2016-08-21,412
2016-08-22,293
2016-08-23,280
2016-08-24,352
2016-08-25,543
2016-08-26,435
2016-08-27,196
2016-08-28,332
2016-08-29,224
2016-08-30,269
2016-08-31,294
2016-09-01,323
2016-09-02,444
2016-09-03,302
2016-09-04,421
2016-09-05,191
2016-09-06,300
2016-09-07,221
2016-09-08,153
2016-09-09,282
2016-09-10,348
2016-09-11,169
2016-09-12,289
2016-09-13,197
2016-09-14,440
2016-09-15,514
2016-09-16,268
2016-09-17,362
2016-09-18,329
2016-09-19,214
2016-09-20,456
2016-09-21,683
2016-09-22,551
2016-09-23,613
2016-09-24,568
2016-09-25,348
2016-09-26,352
2016-09-27,408
2016-09-28,481
2016-09-29,332
2016-09-30,277
2016-10-01,245
2016-10-02,217
2016-10-03,282
2016-10-04,235
2016-10-05,440
2016-10-06,479
2016-10-07,350
2016-10-08,158
2016-10-09,245
2016-10-10,286
2016-10-11,223
2016-10-12,243
2016-10-13,238
2016-10-14,188
2016-10-15,160
2016-10-16,430
2016-10-17,248
2016-10-18,203
2016-10-19,242
2016-10-20,233
2016-10-21,196
2016-10-22,189
2016-10-23,161
2016-10-24,237
2016-10-25,244
2016-10-26,186
2016-10-27,240
2016-10-28,187
2016-10-29,156
2016-10-30,215
2016-10-31,170
2016-11-01,198
2016-11-02,356
2016-11-03,251
2016-11-04,191
2016-11-05,170
2016-11-06,153
2016-11-07,129
2016-11-08,259
2016-11-09,2060
2016-11-10,2409
2016-11-11,981
2016-11-12,714
2016-11-13,532
2016-11-14,719
2016-11-15,590
2016-11-16,732
2016-11-17,765
2016-11-18,332
2016-11-19,335
2016-11-20,317
2016-11-21,297
2016-11-22,297
2016-11-23,254
2016-11-24,138
2016-11-25,225
2016-11-26,292
2016-11-27,355
2016-11-28,404
2016-11-29,629
2016-11-30,343
2016-12-01,1643
2016-12-02,1394
2016-12-03,323
2016-12-04,260
2016-12-05,745
2016-12-06,694
2016-12-07,1199
2016-12-08,376
2016-12-09,375
2016-12-10,347
2016-12-11,619
2016-12-12,391
2016-12-13,328
2016-12-14,388
2016-12-15,369
2016-12-16,326
2016-12-17,210
2016-12-18,208
2016-12-19,201
2016-12-20,224
2016-12-21,275
2016-12-22,234
2016-12-23,144
2016-12-24,430
2016-12-25,159
2016-12-26,907
2016-12-27,610
2016-12-28,227
2016-12-29,345
2016-12-30,326
2016-12-31,254
2017-01-01,148
2017-01-02,165
2017-01-03,178
2017-01-04,565
2017-01-05,4011
2017-01-06,6880
2017-01-07,4242
2017-01-08,1361
2017-01-09,1380
2017-01-10,1242
2017-01-11,695
2017-01-12,850
2017-01-13,514
2017-01-14,383
2017-01-15,743
2017-01-16,1309
2017-01-17,675
2017-01-18,736
2017-01-19,546
2017-01-20,822
2017-01-21,554
2017-01-22,769
2017-01-23,738
2017-01-24,791
2017-01-25,1190
2017-01-26,717
2017-01-27,574
2017-01-28,838
2017-01-29,1482
2017-01-30,888
2017-01-31,1642
2017-02-01,2701
2017-02-02,4829
2017-02-03,4102
2017-02-04,3499
2017-02-05,4431
2017-02-06,3236
2017-02-07,2182
2017-02-08,1911
2017-02-09,1253
2017-02-10,1993
2017-02-11,1300
2017-02-12,1307
2017-02-13,1089
2017-02-14,1089
2017-02-15,1460
2017-02-16,1359
2017-02-17,1536
2017-02-18,1348
2017-02-19,1261
2017-02-20,1298
2017-02-21,1523
2017-02-22,968
2017-02-23,1095
2017-02-24,1012
2017-02-25,796
2017-02-26,1250
2017-02-27,1512
2017-02-28,879
2017-03-01,947
2017-03-02,820
2017-03-03,624
2017-03-04,424
2017-03-05,532
2017-03-06,489
2017-03-07,507
2017-03-08,475
2017-03-09,422
2017-03-10,969
2017-03-11,414
2017-03-12,301
2017-03-13,544
2017-03-14,795
2017-03-15,827
2017-03-16,973
2017-03-17,787
2017-03-18,358
2017-03-19,343
2017-03-20,444
2017-03-21,924
2017-03-22,555
2017-03-23,259
2017-03-24,369
2017-03-25,331
2017-03-26,190
2017-03-27,258
2017-03-28,312
2017-03-29,219
2017-03-30,336
2017-03-31,274
2017-04-01,349
2017-04-02,411
2017-04-03,463
2017-04-04,526
2017-04-05,806
2017-04-06,475
2017-04-07,819
2017-04-08,444
2017-04-09,466
2017-04-10,382
2017-04-11,353
2017-04-12,716
2017-04-13,2813
2017-04-14,943
2017-04-15,603
2017-04-16,410
2017-04-17,528
2017-04-18,385
2017-04-19,327
2017-04-20,310
2017-04-21,353
2017-04-22,521
2017-04-23,682
2017-04-24,996
2017-04-25,2000
2017-04-26,640
2017-04-27,300
2017-04-28,434
2017-04-29,392
2017-04-30,491
2017-05-01,1800
2017-05-02,1355
2017-05-03,602
2017-05-04,386
2017-05-05,549
2017-05-06,449
2017-05-07,413
2017-05-08,367
2017-05-09,511
2017-05-10,2184
2017-05-11,1053
2017-05-12,489
2017-05-13,445
2017-05-14,354
2017-05-15,358
2017-05-16,492
2017-05-17,576
2017-05-18,369
2017-05-19,290
2017-05-20,292
2017-05-21,284
2017-05-22,359
2017-05-23,390
2017-05-24,492
2017-05-25,393
2017-05-26,336
2017-05-27,338
2017-05-28,453
2017-05-29,383
2017-05-30,340
2017-05-31,479
2017-06-01,378
2017-06-02,616
2017-06-03,282
2017-06-04,363
2017-06-05,1013
2017-06-06,1428
2017-06-07,423
2017-06-08,390
2017-06-09,363
2017-06-10,292
2017-06-11,321
2017-06-12,415
2017-06-13,362
2017-06-14,326
2017-06-15,294
2017-06-16,1971
2017-06-17,8974
2017-06-18,2126
2017-06-19,706
2017-06-20,384
2017-06-21,551
2017-06-22,405
2017-06-23,303
2017-06-24,299
2017-06-25,331
2017-06-26,446
2017-06-27,382
2017-06-28,336
2017-06-29,274
2017-06-30,374
2017-07-01,452
2017-07-02,443
2017-07-03,671
2017-07-04,979
2017-07-05,518
2017-07-06,224
2017-07-07,323
2017-07-08,300
2017-07-09,304
2017-07-10,2466
2017-07-11,2036
2017-07-12,654
2017-07-13,424
2017-07-14,321
2017-07-15,321
2017-07-16,232
2017-07-17,301
2017-07-18,358
2017-07-19,535
2017-07-20,274
2017-07-21,235
2017-07-22,306
2017-07-23,284
2017-07-24,258
2017-07-25,436
2017-07-26,482
2017-07-27,262
2017-07-28,208
2017-07-29,179
2017-07-30,330
2017-07-31,323
2017-08-01,496
2017-08-02,34483
2017-08-03,16828
2017-08-04,2579
2017-08-05,873
2017-08-06,654
2017-08-07,562
2017-08-08,420
2017-08-09,481
2017-08-10,503
2017-08-11,496
2017-08-12,2296
2017-08-13,4153
2017-08-14,2242
2017-08-15,2059
2017-08-16,784
2017-08-17,545
2017-08-18,692
2017-08-19,491
2017-08-20,905
2017-08-21,345
2017-08-22,306
2017-08-23,417
2017-08-24,4534
2017-08-25,1945
2017-08-26,766
2017-08-27,505
2017-08-28,554
2017-08-29,488
2017-08-30,452
2017-08-31,992
2017-09-01,739
2017-09-02,252
2017-09-03,251
2017-09-04,396
2017-09-05,467
2017-09-06,440
2017-09-07,376
2017-09-08,565
2017-09-09,464
2017-09-10,416
2017-09-11,317
2017-09-12,385
2017-09-13,316
2017-09-14,363
2017-09-15,246
2017-09-16,227
2017-09-17,188
2017-09-18,290
2017-09-19,356
2017-09-20,676
2017-09-21,401
2017-09-22,337
2017-09-23,1105
2017-09-24,4063
2017-09-25,1543
2017-09-26,818
2017-09-27,551
2017-09-28,530
2017-09-29,392
2017-09-30,305
2017-10-01,249
2017-10-02,316
2017-10-03,441
2017-10-04,686
2017-10-05,516
2017-10-06,339
2017-10-07,441
2017-10-08,286
2017-10-09,1376
2017-10-10,1673
2017-10-11,1369
2017-10-12,675
2017-10-13,305
2017-10-14,257
2017-10-15,518
2017-10-16,382
2017-10-17,891
2017-10-18,455
2017-10-19,334
2017-10-20,419
2017-10-21,332
2017-10-22,196
2017-10-23,323
2017-10-24,373
2017-10-25,461
2017-10-26,350
2017-10-27,413
2017-10-28,313
2017-10-29,298
2017-10-30,308
2017-10-31,469
2017-11-01,244
2017-11-02,239
2017-11-03,499
2017-11-04,481
2017-11-05,198
2017-11-06,368
2017-11-07,450
2017-11-08,1807
2017-11-09,521
2017-11-10,349
2017-11-11,258
2017-11-12,677
2017-11-13,806
2017-11-14,362
2017-11-15,306
2017-11-16,1287
2017-11-17,1271
2017-11-18,724
2017-11-19,306
2017-11-20,362
2017-11-21,395
2017-11-22,410
2017-11-23,291
2017-11-24,174
2017-11-25,513
2017-11-26,402
2017-11-27,374
2017-11-28,517
2017-11-29,743
2017-11-30,790
2017-12-01,5257
2017-12-02,6225
2017-12-03,12038
2017-12-04,6103
2017-12-05,2821
2017-12-06,2484
2017-12-07,614
2017-12-08,717
2017-12-09,592
2017-12-10,398
2017-12-11,578
2017-12-12,664
2017-12-13,578
2017-12-14,291
2017-12-15,789
2017-12-16,400
2017-12-17,338
2017-12-18,286
2017-12-19,294
2017-12-20,398
2017-12-21,817
2017-12-22,514
2017-12-23,704
2017-12-24,479
2017-12-25,292
2017-12-26,350
2017-12-27,820
2017-12-28,365
2017-12-29,565
2017-12-30,578
2017-12-31,502
2018-01-01,345
2018-01-02,1138
2018-01-03,907
2018-01-04,695
2018-01-05,665
2018-01-06,428
2018-01-07,582
2018-01-08,498
2018-01-09,443
2018-01-10,407
2018-01-11,443
2018-01-12,1062
2018-01-13,750
2018-01-14,883
2018-01-15,2212
2018-01-16,3047
2018-01-17,647
2018-01-18,506
2018-01-19,568
2018-01-20,429
2018-01-21,843
2018-01-22,876
2018-01-23,764
2018-01-24,1082
2018-01-25,430
2018-01-26,322
2018-01-27,286
2018-01-28,946
2018-01-29,377
2018-01-30,289
2018-01-31,335
2018-02-01,990
2018-02-02,958
2018-02-03,1241
2018-02-04,1128
2018-02-05,1777
2018-02-06,806
2018-02-07,4789
2018-02-08,5417
2018-02-09,1216
2018-02-10,721
2018-02-11,678
2018-02-12,540
2018-02-13,572
2018-02-14,389
2018-02-15,318
2018-02-16,541
2018-02-17,267
2018-02-18,399
2018-02-19,687
2018-02-20,670
2018-02-21,2134
2018-02-22,832
2018-02-23,612
2018-02-24,673
2018-02-25,2778
2018-02-26,4288
2018-02-27,780
2018-02-28,589
2018-03-01,717
2018-03-02,481
2018-03-03,677
2018-03-04,471
2018-03-05,419
2018-03-06,246
2018-03-07,217
2018-03-08,270
2018-03-09,410
2018-03-10,390
2018-03-11,677
2018-03-12,406
2018-03-13,203
2018-03-14,201
2018-03-15,278
2018-03-16,741
2018-03-17,434
2018-03-18,247
2018-03-19,363
2018-03-20,224
2018-03-21,253
2018-03-22,355
2018-03-23,502
2018-03-24,511
2018-03-25,382
2018-03-26,955
2018-03-27,1359
2018-03-28,1649
2018-03-29,504
2018-03-30,295
2018-03-31,322
2018-04-01,477
2018-04-02,340
2018-04-03,305
2018-04-04,799
2018-04-05,422
2018-04-06,190
2018-04-07,341
2018-04-08,296
2018-04-09,245
2018-04-10,233
2018-04-11,550
2018-04-12,286
2018-04-13,217
2018-04-14,178
2018-04-15,777
2018-04-16,879
2018-04-17,865
2018-04-18,848
2018-04-19,1187
2018-04-20,528
2018-04-21,242
2018-04-22,654
2018-04-23,490
2018-04-24,782
2018-04-25,1306
2018-04-26,4824
2018-04-27,1214
2018-04-28,853
2018-04-29,892
2018-04-30,356
2018-05-01,445
2018-05-02,416
2018-05-03,599
2018-05-04,1714
2018-05-05,1290
2018-05-06,785
2018-05-07,430
2018-05-08,378
2018-05-09,340
2018-05-10,210
2018-05-11,292
2018-05-12,218
2018-05-13,232
2018-05-14,213
2018-05-15,346
2018-05-16,400
2018-05-17,1050
2018-05-18,399
2018-05-19,278
2018-05-20,223
2018-05-21,345
2018-05-22,304
2018-05-23,251
2018-05-24,409
2018-05-25,538
2018-05-26,270
2018-05-27,2314
2018-05-28,1719
2018-05-29,374
2018-05-30,551
2018-05-31,552
2018-06-01,311
2018-06-02,350
2018-06-03,329
2018-06-04,351
2018-06-05,637
2018-06-06,472
2018-06-07,299
2018-06-08,327
2018-06-09,442
2018-06-10,365
2018-06-11,422
2018-06-12,253
2018-06-13,1120
2018-06-14,2609
2018-06-15,1049
2018-06-16,335
2018-06-17,317
2018-06-18,627
2018-06-19,541
2018-06-20,577
2018-06-21,319
2018-06-22,223
2018-06-23,420
2018-06-24,300
2018-06-25,826
2018-06-26,470
2018-06-27,334
2018-06-28,333
2018-06-29,844
2018-06-30,372
2018-07-01,679
2018-07-02,433
2018-07-03,422
2018-07-04,2781
2018-07-05,2475
2018-07-06,684
2018-07-07,392
2018-07-08,283
2018-07-09,483
2018-07-10,243
2018-07-11,238
2018-07-12,213
2018-07-13,351
2018-07-14,244
2018-07-15,298
2018-07-16,207
2018-07-17,197
2018-07-18,261
2018-07-19,169
2018-07-20,510
2018-07-21,409
2018-07-22,615
2018-07-23,1123
2018-07-24,524
2018-07-25,865
2018-07-26,360
2018-07-27,336
2018-07-28,220
2018-07-29,245
2018-07-30,226
2018-07-31,333
2018-08-01,278
2018-08-02,45404
2018-08-03,38939
2018-08-04,11809
2018-08-05,6195
2018-08-06,2814
2018-08-07,1308
2018-08-08,1511
2018-08-09,1394
2018-08-10,1428
2018-08-11,774
2018-08-12,1683
2018-08-13,778
2018-08-14,605
2018-08-15,378
2018-08-16,376
2018-08-17,541
2018-08-18,365
2018-08-19,336
2018-08-20,624
2018-08-21,609
2018-08-22,638
2018-08-23,510
2018-08-24,559
2018-08-25,392
2018-08-26,286
2018-08-27,320
2018-08-28,339
2018-08-29,348
2018-08-30,449
2018-08-31,483
2018-09-01,361
2018-09-02,575
2018-09-03,4885
2018-09-04,4384
2018-09-05,714
2018-09-06,418
2018-09-07,5501
2018-09-08,1423
2018-09-09,531
2018-09-10,613
2018-09-11,407
2018-09-12,328
2018-09-13,319
2018-09-14,406
2018-09-15,533
2018-09-16,625
2018-09-17,901
2018-09-18,819
2018-09-19,573
2018-09-20,2604
2018-09-21,1325
2018-09-22,697
2018-09-23,577
2018-09-24,643
2018-09-25,977
2018-09-26,772
2018-09-27,575
2018-09-28,837
2018-09-29,578
2018-09-30,540
2018-10-01,552
2018-10-02,566
2018-10-03,335
2018-10-04,596
2018-10-05,1515
2018-10-06,3028
2018-10-07,1683
2018-10-08,713
2018-10-09,644
2018-10-10,799
2018-10-11,802
2018-10-12,595
2018-10-13,460
2018-10-14,457
2018-10-15,742
2018-10-16,741
2018-10-17,355
2018-10-18,425
2018-10-19,331
2018-10-20,318
2018-10-21,774
2018-10-22,1163
2018-10-23,761
2018-10-24,2029
2018-10-25,1377
2018-10-26,559
2018-10-27,342
2018-10-28,688
2018-10-29,608
2018-10-30,831
2018-10-31,850
2018-11-01,390
2018-11-02,726
2018-11-03,601
2018-11-04,1056
2018-11-05,811
2018-11-06,855
2018-11-07,539
2018-11-08,314
2018-11-09,390
2018-11-10,1715
2018-11-11,745
2018-11-12,2265
2018-11-13,7838
2018-11-14,5787
2018-11-15,1095
2018-11-16,904
2018-11-17,644
2018-11-18,644
2018-11-19,528
2018-11-20,559
2018-11-21,593
2018-11-22,397
2018-11-23,445
2018-11-24,430
2018-11-25,648
2018-11-26,755
2018-11-27,568
2018-11-28,489
2018-11-29,497
2018-11-30,760
2018-12-01,4793
2018-12-02,9063
2018-12-03,4247
2018-12-04,830
2018-12-05,537
2018-12-06,571
2018-12-07,465
2018-12-08,346
2018-12-09,475
2018-12-10,501
2018-12-11,635
2018-12-12,701
2018-12-13,884
2018-12-14,1447
2018-12-15,556
2018-12-16,558
2018-12-17,404
2018-12-18,378
2018-12-19,537
2018-12-20,707
2018-12-21,505
2018-12-22,298
2018-12-23,396
2018-12-24,846
2018-12-25,520
2018-12-26,797
2018-12-27,940
2018-12-28,682
2018-12-29,523
2018-12-30,361
2018-12-31,550
2019-01-01,797
2019-01-02,992
2019-01-03,658
2019-01-04,429
2019-01-05,336
2019-01-06,475
2019-01-07,695
2019-01-08,451
2019-01-09,671
2019-01-10,638
2019-01-11,773
2019-01-12,640
2019-01-13,544
2019-01-14,850
2019-01-15,471
2019-01-16,489
2019-01-17,715
2019-01-18,618
2019-01-19,1107
2019-01-20,2075
2019-01-21,2594
2019-01-22,2052
2019-01-23,1159
2019-01-24,1005
2019-01-25,836
2019-01-26,466
2019-01-27,519
2019-01-28,597
2019-01-29,576
2019-01-30,739
2019-01-31,820
2019-02-01,2074
2019-02-02,2000
2019-02-03,2389
2019-02-04,1313
2019-02-05,1040
2019-02-06,1852
2019-02-07,921
2019-02-08,680
2019-02-09,748
2019-02-10,794
2019-02-11,751
2019-02-12,1129
2019-02-13,1095
2019-02-14,744
2019-02-15,672
2019-02-16,573
2019-02-17,632
2019-02-18,868
2019-02-19,668
2019-02-20,587
2019-02-21,772
2019-02-22,706
2019-02-23,742
2019-02-24,750
2019-02-25,5369
2019-02-26,573
2019-02-27,623
2019-02-28,625
2019-03-01,468
2019-03-02,348
2019-03-03,441
2019-03-04,1223
2019-03-05,555
2019-03-06,671
2019-03-07,2006
2019-03-08,2963
2019-03-09,873
2019-03-10,784
2019-03-11,2312
2019-03-12,1241
2019-03-13,3212
2019-03-14,624
2019-03-15,1284
2019-03-16,709
2019-03-17,364
2019-03-18,387
2019-03-19,1557
2019-03-20,3001
2019-03-21,1028
2019-03-22,734
2019-03-23,621
2019-03-24,1763
2019-03-25,924
2019-03-26,770
2019-03-27,1326
2019-03-28,953
2019-03-29,1190
2019-03-30,695
2019-03-31,511
2019-04-01,1108
2019-04-02,1345
2019-04-03,348
2019-04-04,488
2019-04-05,493
2019-04-06,642
2019-04-07,497
2019-04-08,296
2019-04-09,477
2019-04-10,522
2019-04-11,358
2019-04-12,325
2019-04-13,627
2019-04-14,636
2019-04-15,336
2019-04-16,381
2019-04-17,401
2019-04-18,325
2019-04-19,303
2019-04-20,226
2019-04-21,714
2019-04-22,366
2019-04-23,265
2019-04-24,324
2019-04-25,486
2019-04-26,340
2019-04-27,357
2019-04-28,413
2019-04-29,326
2019-04-30,281
2019-05-01,349
2019-05-02,300
2019-05-03,317
2019-05-04,162
2019-05-05,236
2019-05-06,376
2019-05-07,385
2019-05-08,517
2019-05-09,450
2019-05-10,450
2019-05-11,491
2019-05-12,315
2019-05-13,464
2019-05-14,366
2019-05-15,527
2019-05-16,839
2019-05-17,6036
2019-05-18,2065
2019-05-19,882
2019-05-20,660
2019-05-21,982
2019-05-22,1008
2019-05-23,1060
2019-05-24,545
2019-05-25,400
2019-05-26,258
2019-05-27,339
2019-05-28,610
2019-05-29,621
2019-05-30,1015
2019-05-31,509
2019-06-01,347
2019-06-02,827
2019-06-03,562
2019-06-04,518
2019-06-05,471
2019-06-06,246
2019-06-07,365
2019-06-08,872
2019-06-09,567
2019-06-10,421
2019-06-11,462
2019-06-12,427
2019-06-13,1148
2019-06-14,517
2019-06-15,918
2019-06-16,618
2019-06-17,302
2019-06-18,400
2019-06-19,841
2019-06-20,456
2019-06-21,232
2019-06-22,304
2019-06-23,879
2019-06-24,407
2019-06-25,404
2019-06-26,805
2019-06-27,466
2019-06-28,347
2019-06-29,421
2019-06-30,361
2019-07-01,328
2019-07-02,534
2019-07-03,375
2019-07-04,1178
2019-07-05,866
2019-07-06,345
2019-07-07,581
2019-07-08,400
2019-07-09,306
2019-07-10,1076
2019-07-11,414
2019-07-12,382
2019-07-13,372
2019-07-14,973
2019-07-15,13792
2019-07-16,4700
2019-07-17,3004
2019-07-18,1132
2019-07-19,3803
2019-07-20,2779
2019-07-21,797
2019-07-22,482
2019-07-23,491
2019-07-24,281
2019-07-25,372
2019-07-26,2281
2019-07-27,1069
2019-07-28,3382
2019-07-29,4102
2019-07-30,855
2019-07-31,573
2019-08-01,663
2019-08-02,34189
2019-08-03,24394
2019-08-04,3655
2019-08-05,1402
2019-08-06,1984
2019-08-07,1476
2019-08-08,867
2019-08-09,753
2019-08-10,585
2019-08-11,594
2019-08-12,603
2019-08-13,673
2019-08-14,3767
2019-08-15,5693
2019-08-16,1059
2019-08-17,729
2019-08-18,496
2019-08-19,543
2019-08-20,405
2019-08-21,465
2019-08-22,428
2019-08-23,334
2019-08-24,340
2019-08-25,295
2019-08-26,229
2019-08-27,681
2019-08-28,682
2019-08-29,341
2019-08-30,326
2019-08-31,283
2019-09-01,284
2019-09-02,324
2019-09-03,249
2019-09-04,293
2019-09-05,508
2019-09-06,431
2019-09-07,415
2019-09-08,279
2019-09-09,221
2019-09-10,220
2019-09-11,386
2019-09-12,531
2019-09-13,445
2019-09-14,677
2019-09-15,412
2019-09-16,966
2019-09-17,455
2019-09-18,1103
2019-09-19,2127
2019-09-20,1403
2019-09-21,1218
2019-09-22,1102
2019-09-23,9753
2019-09-24,1351
2019-09-25,672
2019-09-26,507
2019-09-27,285
2019-09-28,720
2019-09-29,386
2019-09-30,793
2019-10-01,519
2019-10-02,285
2019-10-03,1309
2019-10-04,672
2019-10-05,341
2019-10-06,485
2019-10-07,468
2019-10-08,1085
2019-10-09,2132
2019-10-10,1615
2019-10-11,448
2019-10-12,353
2019-10-13,526
2019-10-14,393
2019-10-15,1127
2019-10-16,1126
2019-10-17,356
2019-10-18,399
2019-10-19,448
2019-10-20,360
2019-10-21,278
2019-10-22,1343
2019-10-23,651
2019-10-24,736
2019-10-25,331
2019-10-26,254
2019-10-27,289
2019-10-28,416
2019-10-29,432
2019-10-30,1384
2019-10-31,948
2019-11-01,383
2019-11-02,294
2019-11-03,380
2019-11-04,358
2019-11-05,1346
2019-11-06,4728
2019-11-07,2983
2019-11-08,676
2019-11-09,317
2019-11-10,262
2019-11-11,330
2019-11-12,487
2019-11-13,391
2019-11-14,1277
2019-11-15,635
2019-11-16,720
2019-11-17,1518
2019-11-18,1842
2019-11-19,1561
2019-11-20,639
2019-11-21,366
2019-11-22,235
2019-11-23,213
2019-11-24,235
2019-11-25,350
2019-11-26,589
2019-11-27,529
2019-11-28,360
2019-11-29,299
2019-11-30,215
2019-12-01,4494
2019-12-02,4106
2019-12-03,2541
2019-12-04,1339
2019-12-05,435
2019-12-06,249
2019-12-07,275
2019-12-08,392
2019-12-09,327
2019-12-10,444
2019-12-11,850
2019-12-12,560
2019-12-13,462
2019-12-14,742
2019-12-15,492
2019-12-16,718
2019-12-17,555
2019-12-18,301
2019-12-19,311
2019-12-20,437
2019-12-21,252
2019-12-22,324
2019-12-23,318
2019-12-24,207
2019-12-25,313
2019-12-26,405
2019-12-27,680
2019-12-28,1113
2019-12-29,966
2019-12-30,356
2019-12-31,358
2020-01-01,279
2020-01-02,271
2020-01-03,226
2020-01-04,215
2020-01-05,256
2020-01-06,321
2020-01-07,419
2020-01-08,1507
2020-01-09,1847
2020-01-10,791
2020-01-11,929
2020-01-12,438
2020-01-13,335
2020-01-14,446
2020-01-15,337
2020-01-16,377
2020-01-17,497
2020-01-18,433
2020-01-19,395
2020-01-20,707
2020-01-21,374
2020-01-22,521
2020-01-23,1005
2020-01-24,297
2020-01-25,374
2020-01-26,236
2020-01-27,274
2020-01-28,342
2020-01-29,330
2020-01-30,268
2020-01-31,338
2020-02-01,1135
2020-02-02,2593
2020-02-03,1224
2020-02-04,928
2020-02-05,1600
2020-02-06,706
2020-02-07,583
2020-02-08,1191
2020-02-09,594
2020-02-10,507
2020-02-11,871
2020-02-12,1911
2020-02-13,1742
2020-02-14,858
2020-02-15,898
2020-02-16,657
2020-02-17,847
2020-02-18,546
2020-02-19,546
2020-02-20,600
2020-02-21,2037
2020-02-22,580
2020-02-23,281
2020-02-24,294
2020-02-25,830
2020-02-26,772
2020-02-27,399
2020-02-28,2174
2020-02-29,1239
2020-03-01,517
2020-03-02,330
2020-03-03,343
2020-03-04,524
2020-03-05,469
2020-03-06,561
2020-03-07,245
2020-03-08,280
2020-03-09,487
2020-03-10,271
2020-03-11,241
2020-03-12,178
2020-03-13,255
2020-03-14,249
2020-03-15,362
2020-03-16,336
2020-03-17,213
2020-03-18,1023
2020-03-19,603
2020-03-20,321
2020-03-21,224
2020-03-22,211
2020-03-23,286
2020-03-24,305
2020-03-25,183
2020-03-26,164
2020-03-27,458
2020-03-28,264
2020-03-29,195
2020-03-30,224
2020-03-31,315
2020-04-01,248
2020-04-02,213
2020-04-03,232
2020-04-04,577
2020-04-05,341
2020-04-06,424
2020-04-07,575
2020-04-08,651
2020-04-09,597
2020-04-10,598
2020-04-11,426
2020-04-12,368
2020-04-13,393
2020-04-14,410
2020-04-15,365
2020-04-16,270
2020-04-17,303
2020-04-18,380
2020-04-19,389
2020-04-20,1408
2020-04-21,2355
2020-04-22,360
2020-04-23,431
2020-04-24,508
2020-04-25,348
2020-04-26,478
2020-04-27,369
2020-04-28,425
2020-04-29,575
2020-04-30,2444
2020-05-01,1150
2020-05-02,501
2020-05-03,818
2020-05-04,479
2020-05-05,383
2020-05-06,1245
2020-05-07,4951
2020-05-08,4960
2020-05-09,2255
2020-05-10,1907
2020-05-11,806
2020-05-12,629
2020-05-13,439
2020-05-14,596
2020-05-15,1195
2020-05-16,1332
2020-05-17,689
2020-05-18,501
2020-05-19,568
2020-05-20,416
2020-05-21,503
2020-05-22,1115
2020-05-23,901
2020-05-24,747
2020-05-25,539
2020-05-26,1718
2020-05-27,9119
2020-05-28,10176
2020-05-29,14899
2020-05-30,7303
2020-05-31,8748
2020-06-01,8017
2020-06-02,11414
2020-06-03,10120
2020-06-04,14942
2020-06-05,7136
2020-06-06,6933
2020-06-07,6021
2020-06-08,6860
2020-06-09,2850
2020-06-10,2797
2020-06-11,3162
2020-06-12,2827
2020-06-13,3102
2020-06-14,5464
2020-06-15,2574
2020-06-16,4653
2020-06-17,6214
2020-06-18,2856
2020-06-19,4730
2020-06-20,3406
2020-06-21,6304
2020-06-22,8386
2020-06-23,3144
2020-06-24,2665
2020-06-25,2642
2020-06-26,1593
2020-06-27,1866
2020-06-28,2788
2020-06-29,2876
2020-06-30,2249
2020-07-01,1435
2020-07-02,2002
2020-07-03,2168
2020-07-04,5460
2020-07-05,4796
2020-07-06,1482
2020-07-07,1482
2020-07-08,1397
2020-07-09,1548
2020-07-10,1883
2020-07-11,1757
2020-07-12,799
2020-07-13,841
2020-07-14,2303
2020-07-15,869
2020-07-16,1503
2020-07-17,1987
2020-07-18,798
2020-07-19,1574
2020-07-20,1249
2020-07-21,891
2020-07-22,631
2020-07-23,724
2020-07-24,860
2020-07-25,781
2020-07-26,664
2020-07-27,985
2020-07-28,1115
2020-07-29,851
2020-07-30,599
2020-07-31,874
2020-08-01,867
2020-08-02,43906
2020-08-03,20317
2020-08-04,3311
2020-08-05,1643
2020-08-06,972
2020-08-07,765
2020-08-08,1005
2020-08-09,733
2020-08-10,1467
2020-08-11,1203
2020-08-12,653
2020-08-13,1093
2020-08-14,628
2020-08-15,558
2020-08-16,1174
2020-08-17,2606
2020-08-18,821
2020-08-19,701
2020-08-20,834
2020-08-21,940
2020-08-22,833
2020-08-23,706
2020-08-24,1576
2020-08-25,846
2020-08-26,1049
2020-08-27,4718
2020-08-28,1500
2020-08-29,1181
2020-08-30,675
2020-08-31,937
2020-09-01,802
2020-09-02,503
2020-09-03,1213
2020-09-04,643
2020-09-05,518
2020-09-06,838
2020-09-07,868
2020-09-08,602
2020-09-09,512
2020-09-10,602
2020-09-11,807
2020-09-12,438
2020-09-13,480
2020-09-14,567
2020-09-15,376
2020-09-16,443
2020-09-17,625
2020-09-18,1158
2020-09-19,4150
2020-09-20,1996
2020-09-21,1080
2020-09-22,995
2020-09-23,5733
2020-09-24,6484
2020-09-25,996
2020-09-26,404
2020-09-27,428
2020-09-28,590
2020-09-29,4937
2020-09-30,7371
2020-10-01,1698
2020-10-02,976
2020-10-03,725
2020-10-04,1930
2020-10-05,725
2020-10-06,1490
2020-10-07,693
2020-10-08,710
2020-10-09,797
2020-10-10,905
2020-10-11,631
2020-10-12,678
2020-10-13,614
2020-10-14,430
2020-10-15,501
2020-10-16,498
2020-10-17,498
2020-10-18,787
2020-10-19,769
2020-10-20,643
2020-10-21,628
2020-10-22,462
2020-10-23,422
2020-10-24,473
2020-10-25,540
2020-10-26,1145
2020-10-27,1594
2020-10-28,1514
2020-10-29,3272
2020-10-30,939
2020-10-31,459
2020-11-01,638
2020-11-02,776
2020-11-03,1424
2020-11-04,1346
2020-11-05,1691
2020-11-06,915
2020-11-07,1566
2020-11-08,1076
2020-11-09,706
2020-11-10,508
2020-11-11,752
2020-11-12,750
2020-11-13,606
2020-11-14,577
2020-11-15,374
2020-11-16,716
2020-11-17,571
2020-11-18,652
2020-11-19,438
2020-11-20,595
2020-11-21,720
2020-11-22,641
2020-11-23,581
2020-11-24,331
2020-11-25,1727
2020-11-26,1093
2020-11-27,263
2020-11-28,311
2020-11-29,284
2020-11-30,327
2020-12-01,3663
2020-12-02,1518
2020-12-03,477
2020-12-04,441
2020-12-05,474
2020-12-06,747
2020-12-07,457
2020-12-08,398
2020-12-09,622
2020-12-10,504
2020-12-11,401
2020-12-12,401
2020-12-13,386
2020-12-14,295
2020-12-15,381
2020-12-16,362
2020-12-17,415
2020-12-18,414
2020-12-19,14156
2020-12-20,4998
2020-12-21,1186
2020-12-22,641
2020-12-23,1380
2020-12-24,478
2020-12-25,540
2020-12-26,1107
2020-12-27,986
2020-12-28,772
2020-12-29,757
2020-12-30,977
2020-12-31,770
2021-01-01,408
2021-01-02,547
2021-01-03,564
2021-01-04,831
2021-01-05,664
2021-01-06,1614
2021-01-07,4160
2021-01-08,935
2021-01-09,800
2021-01-10,1421
2021-01-11,1803
2021-01-12,1042
2021-01-13,585
2021-01-14,892
2021-01-15,948
2021-01-16,1740
2021-01-17,1510
2021-01-18,3333
2021-01-19,2201
2021-01-20,1029
2021-01-21,576
2021-01-22,644
2021-01-23,737
2021-01-24,670
2021-01-25,946
2021-01-26,838
2021-01-27,833
2021-01-28,374
2021-01-29,402
2021-01-30,394
2021-01-31,448
2021-02-01,1375
2021-02-02,1308
2021-02-03,2610
2021-02-04,3005
2021-02-05,3441
2021-02-06,1909
2021-02-07,1390
2021-02-08,858
2021-02-09,886
2021-02-10,1042
2021-02-11,1398
2021-02-12,1006
2021-02-13,1073
2021-02-14,16329
2021-02-15,5397
2021-02-16,1389
2021-02-17,887
2021-02-18,948
2021-02-19,1186
2021-02-20,654
2021-02-21,960
2021-02-22,847
2021-02-23,1101
2021-02-24,1220
2021-02-25,917
2021-02-26,1317
2021-02-27,1268
2021-02-28,1269
2021-03-01,839
2021-03-02,493
2021-03-03,503
2021-03-04,1068
2021-03-05,700
2021-03-06,985
2021-03-07,562
2021-03-08,363
2021-03-09,437
2021-03-10,458
2021-03-11,528
2021-03-12,464
2021-03-13,929
2021-03-14,532
2021-03-15,791
2021-03-16,644
2021-03-17,1074
2021-03-18,2382
2021-03-19,513
2021-03-20,2534
2021-03-21,1646
2021-03-22,1517
2021-03-23,754
2021-03-24,1059
2021-03-25,1039
2021-03-26,575
2021-03-27,438
2021-03-28,357
2021-03-29,438
2021-03-30,416
2021-03-31,544
2021-04-01,468
2021-04-02,644
2021-04-03,736
2021-04-04,417
2021-04-05,323
2021-04-06,402
2021-04-07,1012
2021-04-08,484
2021-04-09,423
2021-04-10,393
2021-04-11,530
2021-04-12,2283
2021-04-13,6021
2021-04-14,2538
2021-04-15,710
2021-04-16,488
2021-04-17,325
2021-04-18,4817
2021-04-19,421
2021-04-20,2349
2021-04-21,4519
2021-04-22,4134
2021-04-23,2526
2021-04-24,724
2021-04-25,1332
2021-04-26,2618
2021-04-27,995
2021-04-28,680
2021-04-29,676
2021-04-30,1163
2021-05-01,606
2021-05-02,491
2021-05-03,608
2021-05-04,534
2021-05-05,604
2021-05-06,410
2021-05-07,1722
2021-05-08,2906
2021-05-09,2025
2021-05-10,797
2021-05-11,720
2021-05-12,928
2021-05-13,762
2021-05-14,391
2021-05-15,464
2021-05-16,547
2021-05-17,395
2021-05-18,416
2021-05-19,840
2021-05-20,644
2021-05-21,903
2021-05-22,1355
2021-05-23,1457
2021-05-24,1841
2021-05-25,3449
2021-05-26,1626
2021-05-27,466
2021-05-28,504
2021-05-29,440
2021-05-30,448
2021-05-31,616
2021-06-01,1073
2021-06-02,1147
2021-06-03,1691
2021-06-04,501
2021-06-05,636
2021-06-06,1115
2021-06-07,1308
2021-06-08,969
2021-06-09,553
2021-06-10,424
2021-06-11,378
2021-06-12,691
2021-06-13,562
2021-06-14,548
2021-06-15,1126
2021-06-16,5302
2021-06-17,8933
2021-06-18,9342
2021-06-19,3247
2021-06-20,1668
2021-06-21,769
2021-06-22,1626
2021-06-23,1290
2021-06-24,2307
2021-06-25,1111
2021-06-26,789
2021-06-27,743
2021-06-28,580
2021-06-29,1176
2021-06-30,3936
2021-07-01,934
2021-07-02,700
2021-07-03,435
2021-07-04,1445
2021-07-05,1058
2021-07-06,797
2021-07-07,639
2021-07-08,423
2021-07-09,1319
2021-07-10,601
2021-07-11,435
2021-07-12,1344
2021-07-13,722
2021-07-14,2337
2021-07-15,410
2021-07-16,379
2021-07-17,356
2021-07-18,1008
2021-07-19,660
2021-07-20,432
2021-07-21,348
2021-07-22,550
2021-07-23,442
2021-07-24,339
2021-07-25,555
2021-07-26,437
2021-07-27,568
2021-07-28,412
2021-07-29,347
2021-07-30,640
2021-07-31,508
2021-08-01,873
2021-08-02,17493
2021-08-03,7926
2021-08-04,1331
2021-08-05,953
2021-08-06,594
2021-08-07,466
2021-08-08,1378
2021-08-09,1544
2021-08-10,784
2021-08-11,603
2021-08-12,386
2021-08-13,742
2021-08-14,1820
2021-08-15,517
2021-08-16,408
2021-08-17,313
2021-08-18,313
2021-08-19,407
2021-08-20,452
2021-08-21,950
2021-08-22,987
2021-08-23,576
2021-08-24,431
2021-08-25,280
2021-08-26,306
2021-08-27,513
2021-08-28,727
2021-08-29,750
2021-08-30,433
2021-08-31,589
2021-09-01,281
2021-09-02,379
2021-09-03,343
2021-09-04,844
2021-09-05,802
2021-09-06,904
2021-09-07,635
2021-09-08,606
2021-09-09,424
2021-09-10,306
2021-09-11,380
2021-09-12,477
2021-09-13,451
2021-09-14,345
2021-09-15,417
2021-09-16,337
2021-09-17,286
2021-09-18,372
2021-09-19,495
2021-09-20,290
2021-09-21,487
2021-09-22,412
2021-09-23,383
2021-09-24,411
2021-09-25,226
2021-09-26,254
2021-09-27,434
2021-09-28,505
2021-09-29,533
2021-09-30,3016
2021-10-01,3299
2021-10-02,526
2021-10-03,326
2021-10-04,447
2021-10-05,463
2021-10-06,319
2021-10-07,307
2021-10-08,567
2021-10-09,709
2021-10-10,1169
2021-10-11,1010
2021-10-12,709
2021-10-13,313
2021-10-14,449
2021-10-15,404
2021-10-16,1457
2021-10-17,1141
2021-10-18,701
2021-10-19,589
2021-10-20,352
2021-10-21,431
2021-10-22,1853
2021-10-23,592
2021-10-24,947
2021-10-25,469
2021-10-26,401
2021-10-27,1432
2021-10-28,705
2021-10-29,314
2021-10-30,374
2021-10-31,1989
2021-11-01,499
2021-11-02,539
2021-11-03,487
2021-11-04,329
2021-11-05,710
2021-11-06,359
2021-11-07,458
2021-11-08,931
2021-11-09,833
2021-11-10,354
2021-11-11,389
2021-11-12,453
2021-11-13,587
2021-11-14,434
2021-11-15,483
2021-11-16,943
2021-11-17,394
2021-11-18,556
2021-11-19,1200
2021-11-20,1539
2021-11-21,5666
2021-11-22,2199
2021-11-23,666
2021-11-24,624
2021-11-25,464
2021-11-26,538
2021-11-27,912
2021-11-28,509
2021-11-29,496
2021-11-30,698
2021-12-01,2341
2021-12-02,3112
2021-12-03,1644
2021-12-04,636
2021-12-05,503
2021-12-06,499
2021-12-07,510
2021-12-08,420
2021-12-09,441
2021-12-10,652
2021-12-11,382
2021-12-12,270
2021-12-13,337
2021-12-14,492
2021-12-15,407
2021-12-16,1489
2021-12-17,1114
2021-12-18,452
2021-12-19,326
2021-12-20,522
2021-12-21,551
2021-12-22,443
2021-12-23,490
2021-12-24,524
2021-12-25,683
2021-12-26,591
2021-12-27,425
2021-12-28,584
2021-12-29,687
2021-12-30,1375
2021-12-31,481
2022-01-01,476
2022-01-02,397
2022-01-03,689
2022-01-04,410
2022-01-05,353
2022-01-06,386
2022-01-07,795
2022-01-08,1139
2022-01-09,1195
2022-01-10,697
2022-01-11,616
2022-01-12,364
2022-01-13,396
2022-01-14,360
2022-01-15,366
2022-01-16,481
2022-01-17,2101
2022-01-18,2595
2022-01-19,504
2022-01-20,549
2022-01-21,663
2022-01-22,506
2022-01-23,482
2022-01-24,476
2022-01-25,415
2022-01-26,595
2022-01-27,597
2022-01-28,856
2022-01-29,1071
2022-01-30,804
2022-01-31,997
2022-02-01,4293
2022-02-02,2405
2022-02-03,1033
2022-02-04,844
2022-02-05,1014
2022-02-06,971
2022-02-07,971
2022-02-08,1638
2022-02-09,1097
2022-02-10,567
2022-02-11,1274
2022-02-12,3854
2022-02-13,805
2022-02-14,622
2022-02-15,522
2022-02-16,541
2022-02-17,790
2022-02-18,731
2022-02-19,683
2022-02-20,544
2022-02-21,490
2022-02-22,449
2022-02-23,441
2022-02-24,317
2022-02-25,594
2022-02-26,716
2022-02-27,1897
2022-02-28,2010
2022-03-01,653
2022-03-02,476
2022-03-03,719
2022-03-04,598
2022-03-05,433
2022-03-06,441
2022-03-07,440
2022-03-08,312
2022-03-09,405
2022-03-10,380
2022-03-11,349
2022-03-12,840
2022-03-13,474
2022-03-14,583
2022-03-15,398
2022-03-16,355
2022-03-17,280
2022-03-18,318
2022-03-19,200
2022-03-20,394
2022-03-21,391
2022-03-22,495
2022-03-23,806
2022-03-24,402
2022-03-25,266
2022-03-26,317
2022-03-27,417
2022-03-28,286
2022-03-29,306
2022-03-30,408
2022-03-31,564
2022-04-01,708
2022-04-02,334
2022-04-03,276
2022-04-04,333
2022-04-05,386
2022-04-06,450
2022-04-07,455
2022-04-08,318
2022-04-09,229
2022-04-10,296
2022-04-11,319
2022-04-12,550
2022-04-13,543
2022-04-14,290
2022-04-15,367
2022-04-16,621
2022-04-17,524
2022-04-18,400
2022-04-19,296
2022-04-20,352
2022-04-21,386
2022-04-22,315
2022-04-23,242
2022-04-24,355
2022-04-25,264
2022-04-26,380
2022-04-27,409
2022-04-28,325
2022-04-29,2435
2022-04-30,797
2022-05-01,460
2022-05-02,278
2022-05-03,1657
2022-05-04,1072
2022-05-05,456
2022-05-06,356
2022-05-07,347
2022-05-08,641
2022-05-09,373
2022-05-10,936
2022-05-11,1075
2022-05-12,449
2022-05-13,279
2022-05-14,828
2022-05-15,764
2022-05-16,576
2022-05-17,1343
2022-05-18,759
2022-05-19,355
2022-05-20,629
2022-05-21,256
2022-05-22,440
2022-05-23,299
2022-05-24,334
2022-05-25,3607
2022-05-26,1682
2022-05-27,808
2022-05-28,635
2022-05-29,573
2022-05-30,403
2022-05-31,412
2022-06-01,664
2022-06-02,423
2022-06-03,442
2022-06-04,612
2022-06-05,929
2022-06-06,7878
2022-06-07,3551
2022-06-08,566
2022-06-09,380
2022-06-10,350
2022-06-11,351
2022-06-12,479
2022-06-13,397
2022-06-14,379
2022-06-15,479
2022-06-16,276
2022-06-17,221
2022-06-18,411
2022-06-19,485
2022-06-20,491
2022-06-21,258
2022-06-22,377
2022-06-23,478
2022-06-24,2598
2022-06-25,621
2022-06-26,523
2022-06-27,1310
2022-06-28,798
2022-06-29,609
2022-06-30,357
2022-07-01,538
2022-07-02,506
2022-07-03,328
2022-07-04,1029
2022-07-05,779
2022-07-06,512
2022-07-07,312
2022-07-08,308
2022-07-09,296
2022-07-10,454
2022-07-11,413
2022-07-12,296
2022-07-13,416
2022-07-14,1596
2022-07-15,429
2022-07-16,284
2022-07-17,226
2022-07-18,793
2022-07-19,548
2022-07-20,222
2022-07-21,294
2022-07-22,571
2022-07-23,691
2022-07-24,353
2022-07-25,419
2022-07-26,799
2022-07-27,1719
2022-07-28,559
2022-07-29,333
2022-07-30,310
2022-07-31,288
2022-08-01,348
2022-08-02,11785
2022-08-03,5465
2022-08-04,2461
2022-08-05,765
2022-08-06,907
2022-08-07,608
2022-08-08,398
2022-08-09,314
2022-08-10,237
2022-08-11,382
2022-08-12,329
2022-08-13,449
2022-08-14,432
2022-08-15,347
2022-08-16,377
2022-08-17,512
2022-08-18,467
2022-08-19,581
2022-08-20,348
2022-08-21,545
2022-08-22,332
2022-08-23,407
2022-08-24,903
2022-08-25,445
2022-08-26,269
2022-08-27,249
2022-08-28,425
2022-08-29,299
2022-08-30,448
2022-08-31,280
2022-09-01,342
2022-09-02,333
2022-09-03,349
2022-09-04,456
2022-09-05,511
2022-09-06,360
2022-09-07,539
2022-09-08,551
2022-09-09,430
2022-09-10,410
2022-09-11,359
2022-09-12,610
2022-09-13,295
2022-09-14,278
2022-09-15,788
2022-09-16,580
2022-09-17,298
2022-09-18,455
2022-09-19,601
2022-09-20,768
2022-09-21,495
2022-09-22,295
2022-09-23,729
2022-09-24,622
2022-09-25,414
2022-09-26,483
2022-09-27,364
2022-09-28,239
2022-09-29,221
2022-09-30,247
2022-10-01,315
2022-10-02,667
2022-10-03,462
2022-10-04,327
2022-10-05,282
2022-10-06,454
2022-10-07,365
2022-10-08,286
2022-10-09,494
2022-10-10,439
2022-10-11,319
2022-10-12,511
2022-10-13,556
2022-10-14,497
2022-10-15,386
2022-10-16,302
2022-10-17,384
2022-10-18,865
2022-10-19,923
2022-10-20,681
2022-10-21,484
2022-10-22,820
2022-10-23,780
2022-10-24,379
2022-10-25,367
2022-10-26,370
2022-10-27,549
2022-10-28,404
2022-10-29,1536
2022-10-30,1067
2022-10-31,1290
2022-11-01,5009
2022-11-02,1895
2022-11-03,547
2022-11-04,667
2022-11-05,554
2022-11-06,677
2022-11-07,5406
2022-11-08,13561
2022-11-09,2215
2022-11-10,631
2022-11-11,557
2022-11-12,645
2022-11-13,335
2022-11-14,353
2022-11-15,287
2022-11-16,521
2022-11-17,507
2022-11-18,667
2022-11-19,456
2022-11-20,517
2022-11-21,274
2022-11-22,896
2022-11-23,428
2022-11-24,197
2022-11-25,432
2022-11-26,716
2022-11-27,652
2022-11-28,378
2022-11-29,404
2022-11-30,436
2022-12-01,1417
2022-12-02,1068
2022-12-03,1107
2022-12-04,561
2022-12-05,396
2022-12-06,426
2022-12-07,772
2022-12-08,703
2022-12-09,875
2022-12-10,539
2022-12-11,420
2022-12-12,831
2022-12-13,404
2022-12-14,414
2022-12-15,274
2022-12-16,211
2022-12-17,335
2022-12-18,283
2022-12-19,245
2022-12-20,310
2022-12-21,304
2022-12-22,266
2022-12-23,965
2022-12-24,1049
2022-12-25,290
2022-12-26,226
2022-12-27,217
2022-12-28,798
2022-12-29,1132
2022-12-30,821
2022-12-31,667
2023-01-01,1831
2023-01-02,1030
2023-01-03,1045
2023-01-04,458
2023-01-05,316
2023-01-06,421
2023-01-07,403
2023-01-08,379
2023-01-09,363
2023-01-10,326
2023-01-11,808
2023-01-12,1061
2023-01-13,533
2023-01-14,254
2023-01-15,818
2023-01-16,1366
2023-01-17,598
2023-01-18,325
2023-01-19,249
2023-01-20,224
2023-01-21,350
2023-01-22,256
2023-01-23,1327
2023-01-24,2008
2023-01-25,564
2023-01-26,667
2023-01-27,623
2023-01-28,6995
2023-01-29,8324
2023-01-30,4808
2023-01-31,1472
2023-02-01,4150
2023-02-02,11366
2023-02-03,3652
2023-02-04,1834
2023-02-05,1020
2023-02-06,1031
2023-02-07,1128
2023-02-08,1038
2023-02-09,1324
2023-02-10,1078
2023-02-11,1368
2023-02-12,1590
2023-02-13,1396
2023-02-14,2540
2023-02-15,1898
2023-02-16,1069
2023-02-17,761
2023-02-18,882
2023-02-19,726
2023-02-20,1046
2023-02-21,1371
2023-02-22,1089
2023-02-23,712
2023-02-24,689
2023-02-25,818
2023-02-26,846
2023-02-27,790
2023-02-28,728
2023-03-01,464
2023-03-02,482
2023-03-03,470
2023-03-04,312
2023-03-05,388
2023-03-06,350
2023-03-07,456
2023-03-08,369
2023-03-09,472
2023-03-10,491
2023-03-11,375
2023-03-12,663
2023-03-13,473
2023-03-14,341
2023-03-15,276
2023-03-16,587
2023-03-17,537
2023-03-18,1144
2023-03-19,769
2023-03-20,1426
2023-03-21,832
2023-03-22,950
2023-03-23,580
2023-03-24,427
2023-03-25,615
2023-03-26,565
2023-03-27,567
2023-03-28,1269
2023-03-29,1042
2023-03-30,731
2023-03-31,748
2023-04-01,867
2023-04-02,870
2023-04-03,550
2023-04-04,403
2023-04-05,344
2023-04-06,478
2023-04-07,689
2023-04-08,289
